instant,dteday,season,yr,mnth,holiday,weekday,workingday,weathersit,temp,atemp,hum,windspeed,casual,CasualClass,registered,registeredClass,cnt,cntClass,4&1,4&4,1&2,1&3,2&1,2&2,2&3,2&4,3&1,3&2,3&3,3&4,4&2,4&3
1,1/1/2011,1,0,1,0,6,0,2,0.344167,0.363625,0.805833,0.160446,331,2,654,1,985,1,0,0,0,0,1,0,0,0,0,0,0,0,0,0
2,1/2/2011,1,0,1,0,0,0,2,0.363478,0.353739,0.696087,0.248539,131,1,670,1,801,1,0,0,0,0,0,0,0,0,0,0,0,0,0,0
3,1/3/2011,1,0,1,0,1,1,1,0.196364,0.189405,0.437273,0.248309,120,1,1229,1,1349,1,0,0,0,0,0,0,0,0,0,0,0,0,0,0
4,1/4/2011,1,0,1,0,2,1,1,0.2,0.212122,0.590435,0.160296,108,1,1454,1,1562,1,0,0,0,0,0,0,0,0,0,0,0,0,0,0
5,1/5/2011,1,0,1,0,3,1,1,0.226957,0.22927,0.436957,0.1869,82,1,1518,1,1600,1,0,0,0,0,0,0,0,0,0,0,0,0,0,0
6,1/6/2011,1,0,1,0,4,1,1,0.204348,0.233209,0.518261,0.0895652,88,1,1518,1,1606,1,0,0,0,0,0,0,0,0,0,0,0,0,0,0
7,1/7/2011,1,0,1,0,5,1,2,0.196522,0.208839,0.498696,0.168726,148,1,1362,1,1510,1,0,0,0,0,0,0,0,0,0,0,0,0,0,0
8,1/8/2011,1,0,1,0,6,0,2,0.165,0.162254,0.535833,0.266804,68,1,891,1,959,1,0,0,0,0,0,0,0,0,0,0,0,0,0,0
9,1/9/2011,1,0,1,0,0,0,1,0.138333,0.116175,0.434167,0.36195,54,1,768,1,822,1,0,0,0,0,0,0,0,0,0,0,0,0,0,0
10,1/10/2011,1,0,1,0,1,1,1,0.150833,0.150888,0.482917,0.223267,41,1,1280,1,1321,1,0,0,0,0,0,0,0,0,0,0,0,0,0,0
11,1/11/2011,1,0,1,0,2,1,2,0.169091,0.191464,0.686364,0.122132,43,1,1220,1,1263,1,0,0,0,0,0,0,0,0,0,0,0,0,0,0
12,1/12/2011,1,0,1,0,3,1,1,0.172727,0.160473,0.599545,0.304627,25,1,1137,1,1162,1,0,0,0,0,0,0,0,0,0,0,0,0,0,0
13,1/13/2011,1,0,1,0,4,1,1,0.165,0.150883,0.470417,0.301,38,1,1368,1,1406,1,0,0,0,0,0,0,0,0,0,0,0,0,0,0
14,1/14/2011,1,0,1,0,5,1,1,0.16087,0.188413,0.537826,0.126548,54,1,1367,1,1421,1,0,0,0,0,0,0,0,0,0,0,0,0,0,0
15,1/15/2011,1,0,1,0,6,0,2,0.233333,0.248112,0.49875,0.157963,222,1,1026,1,1248,1,0,0,0,0,0,0,0,0,0,0,0,0,0,0
16,1/16/2011,1,0,1,0,0,0,1,0.231667,0.234217,0.48375,0.188433,251,1,953,1,1204,1,0,0,0,0,0,0,0,0,0,0,0,0,0,0
17,1/17/2011,1,0,1,1,1,0,2,0.175833,0.176771,0.5375,0.194017,117,1,883,1,1000,1,0,0,0,0,0,0,0,0,0,0,0,0,0,0
18,1/18/2011,1,0,1,0,2,1,2,0.216667,0.232333,0.861667,0.146775,9,1,674,1,683,1,0,0,0,0,0,0,0,0,0,0,0,0,0,0
19,1/19/2011,1,0,1,0,3,1,2,0.292174,0.298422,0.741739,0.208317,78,1,1572,1,1650,1,0,0,0,0,0,0,0,0,0,0,0,0,0,0
20,1/20/2011,1,0,1,0,4,1,2,0.261667,0.25505,0.538333,0.195904,83,1,1844,1,1927,1,0,0,0,0,0,0,0,0,0,0,0,0,0,0
21,1/21/2011,1,0,1,0,5,1,1,0.1775,0.157833,0.457083,0.353242,75,1,1468,1,1543,1,0,0,0,0,0,0,0,0,0,0,0,0,0,0
22,1/22/2011,1,0,1,0,6,0,1,0.0591304,0.0790696,0.4,0.17197,93,1,888,1,981,1,0,0,0,0,0,0,0,0,0,0,0,0,0,0
23,1/23/2011,1,0,1,0,0,0,1,0.0965217,0.0988391,0.436522,0.2466,150,1,836,1,986,1,0,0,0,0,0,0,0,0,0,0,0,0,0,0
24,1/24/2011,1,0,1,0,1,1,1,0.0973913,0.11793,0.491739,0.15833,86,1,1330,1,1416,1,0,0,0,0,0,0,0,0,0,0,0,0,0,0
25,1/25/2011,1,0,1,0,2,1,2,0.223478,0.234526,0.616957,0.129796,186,1,1799,1,1985,1,0,0,0,0,0,0,0,0,0,0,0,0,0,0
26,1/26/2011,1,0,1,0,3,1,3,0.2175,0.2036,0.8625,0.29385,34,1,472,1,506,1,0,0,0,0,0,0,0,0,0,0,0,0,0,0
27,1/27/2011,1,0,1,0,4,1,1,0.195,0.2197,0.6875,0.113837,15,1,416,1,431,1,0,0,0,0,0,0,0,0,0,0,0,0,0,0
28,1/28/2011,1,0,1,0,5,1,2,0.203478,0.223317,0.793043,0.1233,38,1,1129,1,1167,1,0,0,0,0,0,0,0,0,0,0,0,0,0,0
29,1/29/2011,1,0,1,0,6,0,1,0.196522,0.212126,0.651739,0.145365,123,1,975,1,1098,1,0,0,0,0,0,0,0,0,0,0,0,0,0,0
30,1/30/2011,1,0,1,0,0,0,1,0.216522,0.250322,0.722174,0.0739826,140,1,956,1,1096,1,0,0,0,0,0,0,0,0,0,0,0,0,0,0
31,1/31/2011,1,0,1,0,1,1,2,0.180833,0.18625,0.60375,0.187192,42,1,1459,1,1501,1,0,0,0,0,0,0,0,0,0,0,0,0,0,0
32,2/1/2011,1,0,2,0,2,1,2,0.192174,0.23453,0.829565,0.053213,47,1,1313,1,1360,1,0,0,0,0,0,0,0,0,0,0,0,0,0,0
33,2/2/2011,1,0,2,0,3,1,2,0.26,0.254417,0.775417,0.264308,72,1,1454,1,1526,1,0,0,0,0,0,0,0,0,0,0,0,0,0,0
34,2/3/2011,1,0,2,0,4,1,1,0.186957,0.177878,0.437826,0.277752,61,1,1489,1,1550,1,0,0,0,0,0,0,0,0,0,0,0,0,0,0
35,2/4/2011,1,0,2,0,5,1,2,0.211304,0.228587,0.585217,0.127839,88,1,1620,1,1708,1,0,0,0,0,0,0,0,0,0,0,0,0,0,0
36,2/5/2011,1,0,2,0,6,0,2,0.233333,0.243058,0.929167,0.161079,100,1,905,1,1005,1,0,0,0,0,0,0,0,0,0,0,0,0,0,0
37,2/6/2011,1,0,2,0,0,0,1,0.285833,0.291671,0.568333,0.1418,354,2,1269,1,1623,1,0,0,0,0,1,0,0,0,0,0,0,0,0,0
38,2/7/2011,1,0,2,0,1,1,1,0.271667,0.303658,0.738333,0.0454083,120,1,1592,1,1712,1,0,0,0,0,0,0,0,0,0,0,0,0,0,0
39,2/8/2011,1,0,2,0,2,1,1,0.220833,0.198246,0.537917,0.36195,64,1,1466,1,1530,1,0,0,0,0,0,0,0,0,0,0,0,0,0,0
40,2/9/2011,1,0,2,0,3,1,2,0.134783,0.144283,0.494783,0.188839,53,1,1552,1,1605,1,0,0,0,0,0,0,0,0,0,0,0,0,0,0
41,2/10/2011,1,0,2,0,4,1,1,0.144348,0.149548,0.437391,0.221935,47,1,1491,1,1538,1,0,0,0,0,0,0,0,0,0,0,0,0,0,0
42,2/11/2011,1,0,2,0,5,1,1,0.189091,0.213509,0.506364,0.10855,149,1,1597,1,1746,1,0,0,0,0,0,0,0,0,0,0,0,0,0,0
43,2/12/2011,1,0,2,0,6,0,1,0.2225,0.232954,0.544167,0.203367,288,1,1184,1,1472,1,0,0,0,0,0,0,0,0,0,0,0,0,0,0
44,2/13/2011,1,0,2,0,0,0,1,0.316522,0.324113,0.457391,0.260883,397,2,1192,1,1589,1,0,0,0,0,1,0,0,0,0,0,0,0,0,0
45,2/14/2011,1,0,2,0,1,1,1,0.415,0.39835,0.375833,0.417908,208,1,1705,1,1913,1,0,0,0,0,0,0,0,0,0,0,0,0,0,0
46,2/15/2011,1,0,2,0,2,1,1,0.266087,0.254274,0.314348,0.291374,140,1,1675,1,1815,1,0,0,0,0,0,0,0,0,0,0,0,0,0,0
47,2/16/2011,1,0,2,0,3,1,1,0.318261,0.3162,0.423478,0.251791,218,1,1897,1,2115,1,0,0,0,0,0,0,0,0,0,0,0,0,0,0
48,2/17/2011,1,0,2,0,4,1,1,0.435833,0.428658,0.505,0.230104,259,1,2216,1,2475,1,0,0,0,0,0,0,0,0,0,0,0,0,0,0
49,2/18/2011,1,0,2,0,5,1,1,0.521667,0.511983,0.516667,0.264925,579,2,2348,1,2927,1,0,0,0,0,1,0,0,0,0,0,0,0,0,0
50,2/19/2011,1,0,2,0,6,0,1,0.399167,0.391404,0.187917,0.507463,532,2,1103,1,1635,1,0,0,0,0,1,0,0,0,0,0,0,0,0,0
51,2/20/2011,1,0,2,0,0,0,1,0.285217,0.27733,0.407826,0.223235,639,2,1173,1,1812,1,0,0,0,0,1,0,0,0,0,0,0,0,0,0
52,2/21/2011,1,0,2,1,1,0,2,0.303333,0.284075,0.605,0.307846,195,1,912,1,1107,1,0,0,0,0,0,0,0,0,0,0,0,0,0,0
53,2/22/2011,1,0,2,0,2,1,1,0.182222,0.186033,0.577778,0.195683,74,1,1376,1,1450,1,0,0,0,0,0,0,0,0,0,0,0,0,0,0
54,2/23/2011,1,0,2,0,3,1,1,0.221739,0.245717,0.423043,0.094113,139,1,1778,1,1917,1,0,0,0,0,0,0,0,0,0,0,0,0,0,0
55,2/24/2011,1,0,2,0,4,1,2,0.295652,0.289191,0.697391,0.250496,100,1,1707,1,1807,1,0,0,0,0,0,0,0,0,0,0,0,0,0,0
56,2/25/2011,1,0,2,0,5,1,2,0.364348,0.350461,0.712174,0.346539,120,1,1341,1,1461,1,0,0,0,0,0,0,0,0,0,0,0,0,0,0
57,2/26/2011,1,0,2,0,6,0,1,0.2825,0.282192,0.537917,0.186571,424,2,1545,1,1969,1,0,0,0,0,1,0,0,0,0,0,0,0,0,0
58,2/27/2011,1,0,2,0,0,0,1,0.343478,0.351109,0.68,0.125248,694,2,1708,1,2402,1,0,0,0,0,1,0,0,0,0,0,0,0,0,0
59,2/28/2011,1,0,2,0,1,1,2,0.407273,0.400118,0.876364,0.289686,81,1,1365,1,1446,1,0,0,0,0,0,0,0,0,0,0,0,0,0,0
60,3/1/2011,1,0,3,0,2,1,1,0.266667,0.263879,0.535,0.216425,137,1,1714,1,1851,1,0,0,0,0,0,0,0,0,0,0,0,0,0,0
61,3/2/2011,1,0,3,0,3,1,1,0.335,0.320071,0.449583,0.307833,231,1,1903,1,2134,1,0,0,0,0,0,0,0,0,0,0,0,0,0,0
62,3/3/2011,1,0,3,0,4,1,1,0.198333,0.200133,0.318333,0.225754,123,1,1562,1,1685,1,0,0,0,0,0,0,0,0,0,0,0,0,0,0
63,3/4/2011,1,0,3,0,5,1,2,0.261667,0.255679,0.610417,0.203346,214,1,1730,1,1944,1,0,0,0,0,0,0,0,0,0,0,0,0,0,0
64,3/5/2011,1,0,3,0,6,0,2,0.384167,0.378779,0.789167,0.251871,640,2,1437,1,2077,1,0,0,0,0,1,0,0,0,0,0,0,0,0,0
65,3/6/2011,1,0,3,0,0,0,2,0.376522,0.366252,0.948261,0.343287,114,1,491,1,605,1,0,0,0,0,0,0,0,0,0,0,0,0,0,0
66,3/7/2011,1,0,3,0,1,1,1,0.261739,0.238461,0.551304,0.341352,244,1,1628,1,1872,1,0,0,0,0,0,0,0,0,0,0,0,0,0,0
67,3/8/2011,1,0,3,0,2,1,1,0.2925,0.3024,0.420833,0.12065,316,2,1817,1,2133,1,0,0,0,0,1,0,0,0,0,0,0,0,0,0
68,3/9/2011,1,0,3,0,3,1,2,0.295833,0.286608,0.775417,0.22015,191,1,1700,1,1891,1,0,0,0,0,0,0,0,0,0,0,0,0,0,0
69,3/10/2011,1,0,3,0,4,1,3,0.389091,0.385668,0,0.261877,46,1,577,1,623,1,0,0,0,0,0,0,0,0,0,0,0,0,0,0
70,3/11/2011,1,0,3,0,5,1,2,0.316522,0.305,0.649565,0.23297,247,1,1730,1,1977,1,0,0,0,0,0,0,0,0,0,0,0,0,0,0
71,3/12/2011,1,0,3,0,6,0,1,0.329167,0.32575,0.594583,0.220775,724,3,1408,1,2132,1,0,0,0,0,0,0,0,0,1,0,0,0,0,0
72,3/13/2011,1,0,3,0,0,0,1,0.384348,0.380091,0.527391,0.270604,982,3,1435,1,2417,1,0,0,0,0,0,0,0,0,1,0,0,0,0,0
73,3/14/2011,1,0,3,0,1,1,1,0.325217,0.332,0.496957,0.136926,359,2,1687,1,2046,1,0,0,0,0,1,0,0,0,0,0,0,0,0,0
74,3/15/2011,1,0,3,0,2,1,2,0.317391,0.318178,0.655652,0.184309,289,1,1767,1,2056,1,0,0,0,0,0,0,0,0,0,0,0,0,0,0
75,3/16/2011,1,0,3,0,3,1,2,0.365217,0.36693,0.776522,0.203117,321,2,1871,1,2192,1,0,0,0,0,1,0,0,0,0,0,0,0,0,0
76,3/17/2011,1,0,3,0,4,1,1,0.415,0.410333,0.602917,0.209579,424,2,2320,1,2744,1,0,0,0,0,1,0,0,0,0,0,0,0,0,0
77,3/18/2011,1,0,3,0,5,1,1,0.54,0.527009,0.525217,0.231017,884,3,2355,1,3239,2,0,0,0,0,0,0,0,0,1,0,0,0,0,0
78,3/19/2011,1,0,3,0,6,0,1,0.4725,0.466525,0.379167,0.368167,1424,4,1693,1,3117,1,1,0,0,0,0,0,0,0,0,0,0,0,0,0
79,3/20/2011,1,0,3,0,0,0,1,0.3325,0.32575,0.47375,0.207721,1047,3,1424,1,2471,1,0,0,0,0,0,0,0,0,1,0,0,0,0,0
80,3/21/2011,2,0,3,0,1,1,2,0.430435,0.409735,0.737391,0.288783,401,2,1676,1,2077,1,0,0,0,0,1,0,0,0,0,0,0,0,0,0
81,3/22/2011,2,0,3,0,2,1,1,0.441667,0.440642,0.624583,0.22575,460,2,2243,1,2703,1,0,0,0,0,1,0,0,0,0,0,0,0,0,0
82,3/23/2011,2,0,3,0,3,1,2,0.346957,0.337939,0.839565,0.234261,203,1,1918,1,2121,1,0,0,0,0,0,0,0,0,0,0,0,0,0,0
83,3/24/2011,2,0,3,0,4,1,2,0.285,0.270833,0.805833,0.243787,166,1,1699,1,1865,1,0,0,0,0,0,0,0,0,0,0,0,0,0,0
84,3/25/2011,2,0,3,0,5,1,1,0.264167,0.256312,0.495,0.230725,300,1,1910,1,2210,1,0,0,0,0,0,0,0,0,0,0,0,0,0,0
85,3/26/2011,2,0,3,0,6,0,1,0.265833,0.257571,0.394167,0.209571,981,3,1515,1,2496,1,0,0,0,0,0,0,0,0,1,0,0,0,0,0
86,3/27/2011,2,0,3,0,0,0,2,0.253043,0.250339,0.493913,0.1843,472,2,1221,1,1693,1,0,0,0,0,1,0,0,0,0,0,0,0,0,0
87,3/28/2011,2,0,3,0,1,1,1,0.264348,0.257574,0.302174,0.212204,222,1,1806,1,2028,1,0,0,0,0,0,0,0,0,0,0,0,0,0,0
88,3/29/2011,2,0,3,0,2,1,1,0.3025,0.292908,0.314167,0.226996,317,2,2108,1,2425,1,0,0,0,0,1,0,0,0,0,0,0,0,0,0
89,3/30/2011,2,0,3,0,3,1,2,0.3,0.29735,0.646667,0.172888,168,1,1368,1,1536,1,0,0,0,0,0,0,0,0,0,0,0,0,0,0
90,3/31/2011,2,0,3,0,4,1,3,0.268333,0.257575,0.918333,0.217646,179,1,1506,1,1685,1,0,0,0,0,0,0,0,0,0,0,0,0,0,0
91,4/1/2011,2,0,4,0,5,1,2,0.3,0.283454,0.68625,0.258708,307,1,1920,1,2227,1,0,0,0,0,0,0,0,0,0,0,0,0,0,0
92,4/2/2011,2,0,4,0,6,0,2,0.315,0.315637,0.65375,0.197146,898,3,1354,1,2252,1,0,0,0,0,0,0,0,0,1,0,0,0,0,0
93,4/3/2011,2,0,4,0,0,0,1,0.378333,0.378767,0.48,0.182213,1651,4,1598,1,3249,2,1,0,0,0,0,0,0,0,0,0,0,0,0,0
94,4/4/2011,2,0,4,0,1,1,1,0.573333,0.542929,0.42625,0.385571,734,3,2381,1,3115,1,0,0,0,0,0,0,0,0,1,0,0,0,0,0
95,4/5/2011,2,0,4,0,2,1,2,0.414167,0.39835,0.642083,0.388067,167,1,1628,1,1795,1,0,0,0,0,0,0,0,0,0,0,0,0,0,0
96,4/6/2011,2,0,4,0,3,1,1,0.390833,0.387608,0.470833,0.263063,413,2,2395,1,2808,1,0,0,0,0,1,0,0,0,0,0,0,0,0,0
97,4/7/2011,2,0,4,0,4,1,1,0.4375,0.433696,0.602917,0.162312,571,2,2570,2,3141,1,0,0,0,0,0,1,0,0,0,0,0,0,0,0
98,4/8/2011,2,0,4,0,5,1,2,0.335833,0.324479,0.83625,0.226992,172,1,1299,1,1471,1,0,0,0,0,0,0,0,0,0,0,0,0,0,0
99,4/9/2011,2,0,4,0,6,0,2,0.3425,0.341529,0.8775,0.133083,879,3,1576,1,2455,1,0,0,0,0,0,0,0,0,1,0,0,0,0,0
100,4/10/2011,2,0,4,0,0,0,2,0.426667,0.426737,0.8575,0.146767,1188,4,1707,1,2895,1,1,0,0,0,0,0,0,0,0,0,0,0,0,0
101,4/11/2011,2,0,4,0,1,1,2,0.595652,0.565217,0.716956,0.324474,855,3,2493,1,3348,2,0,0,0,0,0,0,0,0,1,0,0,0,0,0
102,4/12/2011,2,0,4,0,2,1,2,0.5025,0.493054,0.739167,0.274879,257,1,1777,1,2034,1,0,0,0,0,0,0,0,0,0,0,0,0,0,0
103,4/13/2011,2,0,4,0,3,1,2,0.4125,0.417283,0.819167,0.250617,209,1,1953,1,2162,1,0,0,0,0,0,0,0,0,0,0,0,0,0,0
104,4/14/2011,2,0,4,0,4,1,1,0.4675,0.462742,0.540417,0.1107,529,2,2738,2,3267,2,0,0,0,0,0,1,0,0,0,0,0,0,0,0
105,4/15/2011,2,0,4,1,5,0,1,0.446667,0.441913,0.67125,0.226375,642,2,2484,1,3126,1,0,0,0,0,1,0,0,0,0,0,0,0,0,0
106,4/16/2011,2,0,4,0,6,0,3,0.430833,0.425492,0.888333,0.340808,121,1,674,1,795,1,0,0,0,0,0,0,0,0,0,0,0,0,0,0
107,4/17/2011,2,0,4,0,0,0,1,0.456667,0.445696,0.479583,0.303496,1558,4,2186,1,3744,2,1,0,0,0,0,0,0,0,0,0,0,0,0,0
108,4/18/2011,2,0,4,0,1,1,1,0.5125,0.503146,0.5425,0.163567,669,2,2760,2,3429,2,0,0,0,0,0,1,0,0,0,0,0,0,0,0
109,4/19/2011,2,0,4,0,2,1,2,0.505833,0.489258,0.665833,0.157971,409,2,2795,2,3204,2,0,0,0,0,0,1,0,0,0,0,0,0,0,0
110,4/20/2011,2,0,4,0,3,1,1,0.595,0.564392,0.614167,0.241925,613,2,3331,2,3944,2,0,0,0,0,0,1,0,0,0,0,0,0,0,0
111,4/21/2011,2,0,4,0,4,1,1,0.459167,0.453892,0.407083,0.325258,745,3,3444,2,4189,2,0,0,0,0,0,0,0,0,0,1,0,0,0,0
112,4/22/2011,2,0,4,0,5,1,2,0.336667,0.321954,0.729583,0.219521,177,1,1506,1,1683,1,0,0,0,0,0,0,0,0,0,0,0,0,0,0
113,4/23/2011,2,0,4,0,6,0,2,0.46,0.450121,0.887917,0.230725,1462,4,2574,2,4036,2,0,0,0,0,0,0,0,0,0,0,0,0,1,0
114,4/24/2011,2,0,4,0,0,0,2,0.581667,0.551763,0.810833,0.192175,1710,4,2481,1,4191,2,1,0,0,0,0,0,0,0,0,0,0,0,0,0
115,4/25/2011,2,0,4,0,1,1,1,0.606667,0.5745,0.776667,0.185333,773,3,3300,2,4073,2,0,0,0,0,0,0,0,0,0,1,0,0,0,0
116,4/26/2011,2,0,4,0,2,1,1,0.631667,0.594083,0.729167,0.3265,678,2,3722,3,4400,2,0,0,0,0,0,0,1,0,0,0,0,0,0,0
117,4/27/2011,2,0,4,0,3,1,2,0.62,0.575142,0.835417,0.3122,547,2,3325,2,3872,2,0,0,0,0,0,1,0,0,0,0,0,0,0,0
118,4/28/2011,2,0,4,0,4,1,2,0.6175,0.578929,0.700833,0.320908,569,2,3489,2,4058,2,0,0,0,0,0,1,0,0,0,0,0,0,0,0
119,4/29/2011,2,0,4,0,5,1,1,0.51,0.497463,0.457083,0.240063,878,3,3717,3,4595,3,0,0,0,0,0,0,0,0,0,0,1,0,0,0
120,4/30/2011,2,0,4,0,6,0,1,0.4725,0.464021,0.503333,0.235075,1965,4,3347,2,5312,3,0,0,0,0,0,0,0,0,0,0,0,0,1,0
121,5/1/2011,2,0,5,0,0,0,2,0.451667,0.448204,0.762083,0.106354,1138,4,2213,1,3351,2,1,0,0,0,0,0,0,0,0,0,0,0,0,0
122,5/2/2011,2,0,5,0,1,1,2,0.549167,0.532833,0.73,0.183454,847,3,3554,2,4401,2,0,0,0,0,0,0,0,0,0,1,0,0,0,0
123,5/3/2011,2,0,5,0,2,1,2,0.616667,0.582079,0.697083,0.342667,603,2,3848,3,4451,2,0,0,0,0,0,0,1,0,0,0,0,0,0,0
124,5/4/2011,2,0,5,0,3,1,2,0.414167,0.40465,0.737083,0.328996,255,1,2378,1,2633,1,0,0,0,0,0,0,0,0,0,0,0,0,0,0
125,5/5/2011,2,0,5,0,4,1,1,0.459167,0.441917,0.444167,0.295392,614,2,3819,3,4433,2,0,0,0,0,0,0,1,0,0,0,0,0,0,0
126,5/6/2011,2,0,5,0,5,1,1,0.479167,0.474117,0.59,0.228246,894,3,3714,3,4608,3,0,0,0,0,0,0,0,0,0,0,1,0,0,0
127,5/7/2011,2,0,5,0,6,0,1,0.52,0.512621,0.54125,0.16045,1612,4,3102,2,4714,3,0,0,0,0,0,0,0,0,0,0,0,0,1,0
128,5/8/2011,2,0,5,0,0,0,1,0.528333,0.518933,0.631667,0.0746375,1401,4,2932,2,4333,2,0,0,0,0,0,0,0,0,0,0,0,0,1,0
129,5/9/2011,2,0,5,0,1,1,1,0.5325,0.525246,0.58875,0.176,664,2,3698,3,4362,2,0,0,0,0,0,0,1,0,0,0,0,0,0,0
130,5/10/2011,2,0,5,0,2,1,1,0.5325,0.522721,0.489167,0.115671,694,2,4109,3,4803,3,0,0,0,0,0,0,1,0,0,0,0,0,0,0
131,5/11/2011,2,0,5,0,3,1,1,0.5425,0.5284,0.632917,0.120642,550,2,3632,2,4182,2,0,0,0,0,0,1,0,0,0,0,0,0,0,0
132,5/12/2011,2,0,5,0,4,1,1,0.535,0.523363,0.7475,0.189667,695,2,4169,3,4864,3,0,0,0,0,0,0,1,0,0,0,0,0,0,0
133,5/13/2011,2,0,5,0,5,1,2,0.5125,0.4943,0.863333,0.179725,692,2,3413,2,4105,2,0,0,0,0,0,1,0,0,0,0,0,0,0,0
134,5/14/2011,2,0,5,0,6,0,2,0.520833,0.500629,0.9225,0.13495,902,3,2507,2,3409,2,0,0,0,0,0,0,0,0,0,1,0,0,0,0
135,5/15/2011,2,0,5,0,0,0,2,0.5625,0.536,0.867083,0.152979,1582,4,2971,2,4553,3,0,0,0,0,0,0,0,0,0,0,0,0,1,0
136,5/16/2011,2,0,5,0,1,1,1,0.5775,0.550512,0.787917,0.126871,773,3,3185,2,3958,2,0,0,0,0,0,0,0,0,0,1,0,0,0,0
137,5/17/2011,2,0,5,0,2,1,2,0.561667,0.538529,0.837917,0.277354,678,2,3445,2,4123,2,0,0,0,0,0,1,0,0,0,0,0,0,0,0
138,5/18/2011,2,0,5,0,3,1,2,0.55,0.527158,0.87,0.201492,536,2,3319,2,3855,2,0,0,0,0,0,1,0,0,0,0,0,0,0,0
139,5/19/2011,2,0,5,0,4,1,2,0.530833,0.510742,0.829583,0.108213,735,3,3840,3,4575,3,0,0,0,0,0,0,0,0,0,0,1,0,0,0
140,5/20/2011,2,0,5,0,5,1,1,0.536667,0.529042,0.719583,0.125013,909,3,4008,3,4917,3,0,0,0,0,0,0,0,0,0,0,1,0,0,0
141,5/21/2011,2,0,5,0,6,0,1,0.6025,0.571975,0.626667,0.12065,2258,4,3547,2,5805,3,0,0,0,0,0,0,0,0,0,0,0,0,1,0
142,5/22/2011,2,0,5,0,0,0,1,0.604167,0.5745,0.749583,0.148008,1576,4,3084,2,4660,3,0,0,0,0,0,0,0,0,0,0,0,0,1,0
143,5/23/2011,2,0,5,0,1,1,2,0.631667,0.590296,0.81,0.233842,836,3,3438,2,4274,2,0,0,0,0,0,0,0,0,0,1,0,0,0,0
144,5/24/2011,2,0,5,0,2,1,2,0.66,0.604813,0.740833,0.207092,659,2,3833,3,4492,2,0,0,0,0,0,0,1,0,0,0,0,0,0,0
145,5/25/2011,2,0,5,0,3,1,1,0.660833,0.615542,0.69625,0.154233,740,3,4238,3,4978,3,0,0,0,0,0,0,0,0,0,0,1,0,0,0
146,5/26/2011,2,0,5,0,4,1,1,0.708333,0.654688,0.6775,0.199642,758,3,3919,3,4677,3,0,0,0,0,0,0,0,0,0,0,1,0,0,0
147,5/27/2011,2,0,5,0,5,1,1,0.681667,0.637008,0.65375,0.240679,871,3,3808,3,4679,3,0,0,0,0,0,0,0,0,0,0,1,0,0,0
148,5/28/2011,2,0,5,0,6,0,1,0.655833,0.612379,0.729583,0.230092,2001,4,2757,2,4758,3,0,0,0,0,0,0,0,0,0,0,0,0,1,0
149,5/29/2011,2,0,5,0,0,0,1,0.6675,0.61555,0.81875,0.213938,2355,4,2433,1,4788,3,1,0,0,0,0,0,0,0,0,0,0,0,0,0
150,5/30/2011,2,0,5,1,1,0,1,0.733333,0.671092,0.685,0.131225,1549,4,2549,2,4098,2,0,0,0,0,0,0,0,0,0,0,0,0,1,0
151,5/31/2011,2,0,5,0,2,1,1,0.775,0.725383,0.636667,0.111329,673,2,3309,2,3982,2,0,0,0,0,0,1,0,0,0,0,0,0,0,0
152,6/1/2011,2,0,6,0,3,1,2,0.764167,0.720967,0.677083,0.207092,513,2,3461,2,3974,2,0,0,0,0,0,1,0,0,0,0,0,0,0,0
153,6/2/2011,2,0,6,0,4,1,1,0.715,0.643942,0.305,0.292287,736,3,4232,3,4968,3,0,0,0,0,0,0,0,0,0,0,1,0,0,0
154,6/3/2011,2,0,6,0,5,1,1,0.62,0.587133,0.354167,0.253121,898,3,4414,3,5312,3,0,0,0,0,0,0,0,0,0,0,1,0,0,0
155,6/4/2011,2,0,6,0,6,0,1,0.635,0.594696,0.45625,0.123142,1869,4,3473,2,5342,3,0,0,0,0,0,0,0,0,0,0,0,0,1,0
156,6/5/2011,2,0,6,0,0,0,2,0.648333,0.616804,0.6525,0.138692,1685,4,3221,2,4906,3,0,0,0,0,0,0,0,0,0,0,0,0,1,0
157,6/6/2011,2,0,6,0,1,1,1,0.678333,0.621858,0.6,0.121896,673,2,3875,3,4548,3,0,0,0,0,0,0,1,0,0,0,0,0,0,0
158,6/7/2011,2,0,6,0,2,1,1,0.7075,0.65595,0.597917,0.187808,763,3,4070,3,4833,3,0,0,0,0,0,0,0,0,0,0,1,0,0,0
159,6/8/2011,2,0,6,0,3,1,1,0.775833,0.727279,0.622083,0.136817,676,2,3725,3,4401,2,0,0,0,0,0,0,1,0,0,0,0,0,0,0
160,6/9/2011,2,0,6,0,4,1,2,0.808333,0.757579,0.568333,0.149883,563,2,3352,2,3915,2,0,0,0,0,0,1,0,0,0,0,0,0,0,0
161,6/10/2011,2,0,6,0,5,1,1,0.755,0.703292,0.605,0.140554,815,3,3771,3,4586,3,0,0,0,0,0,0,0,0,0,0,1,0,0,0
162,6/11/2011,2,0,6,0,6,0,1,0.725,0.678038,0.654583,0.15485,1729,4,3237,2,4966,3,0,0,0,0,0,0,0,0,0,0,0,0,1,0
163,6/12/2011,2,0,6,0,0,0,1,0.6925,0.643325,0.747917,0.163567,1467,4,2993,2,4460,2,0,0,0,0,0,0,0,0,0,0,0,0,1,0
164,6/13/2011,2,0,6,0,1,1,1,0.635,0.601654,0.494583,0.30535,863,3,4157,3,5020,3,0,0,0,0,0,0,0,0,0,0,1,0,0,0
165,6/14/2011,2,0,6,0,2,1,1,0.604167,0.591546,0.507083,0.269283,727,3,4164,3,4891,3,0,0,0,0,0,0,0,0,0,0,1,0,0,0
166,6/15/2011,2,0,6,0,3,1,1,0.626667,0.587754,0.471667,0.167912,769,3,4411,3,5180,3,0,0,0,0,0,0,0,0,0,0,1,0,0,0
167,6/16/2011,2,0,6,0,4,1,2,0.628333,0.595346,0.688333,0.206471,545,2,3222,2,3767,2,0,0,0,0,0,1,0,0,0,0,0,0,0,0
168,6/17/2011,2,0,6,0,5,1,1,0.649167,0.600383,0.735833,0.143029,863,3,3981,3,4844,3,0,0,0,0,0,0,0,0,0,0,1,0,0,0
169,6/18/2011,2,0,6,0,6,0,1,0.696667,0.643954,0.670417,0.119408,1807,4,3312,2,5119,3,0,0,0,0,0,0,0,0,0,0,0,0,1,0
170,6/19/2011,2,0,6,0,0,0,2,0.699167,0.645846,0.666667,0.102,1639,4,3105,2,4744,3,0,0,0,0,0,0,0,0,0,0,0,0,1,0
171,6/20/2011,2,0,6,0,1,1,2,0.635,0.595346,0.74625,0.155475,699,2,3311,2,4010,2,0,0,0,0,0,1,0,0,0,0,0,0,0,0
172,6/21/2011,3,0,6,0,2,1,2,0.680833,0.637646,0.770417,0.171025,774,3,4061,3,4835,3,0,0,0,0,0,0,0,0,0,0,1,0,0,0
173,6/22/2011,3,0,6,0,3,1,1,0.733333,0.693829,0.7075,0.172262,661,2,3846,3,4507,2,0,0,0,0,0,0,1,0,0,0,0,0,0,0
174,6/23/2011,3,0,6,0,4,1,2,0.728333,0.693833,0.703333,0.238804,746,3,4044,3,4790,3,0,0,0,0,0,0,0,0,0,0,1,0,0,0
175,6/24/2011,3,0,6,0,5,1,1,0.724167,0.656583,0.573333,0.222025,969,3,4022,3,4991,3,0,0,0,0,0,0,0,0,0,0,1,0,0,0
176,6/25/2011,3,0,6,0,6,0,1,0.695,0.643313,0.483333,0.209571,1782,4,3420,2,5202,3,0,0,0,0,0,0,0,0,0,0,0,0,1,0
177,6/26/2011,3,0,6,0,0,0,1,0.68,0.637629,0.513333,0.0945333,1920,4,3385,2,5305,3,0,0,0,0,0,0,0,0,0,0,0,0,1,0
178,6/27/2011,3,0,6,0,1,1,2,0.6825,0.637004,0.658333,0.107588,854,3,3854,3,4708,3,0,0,0,0,0,0,0,0,0,0,1,0,0,0
179,6/28/2011,3,0,6,0,2,1,1,0.744167,0.692558,0.634167,0.144283,732,3,3916,3,4648,3,0,0,0,0,0,0,0,0,0,0,1,0,0,0
180,6/29/2011,3,0,6,0,3,1,1,0.728333,0.654688,0.497917,0.261821,848,3,4377,3,5225,3,0,0,0,0,0,0,0,0,0,0,1,0,0,0
181,6/30/2011,3,0,6,0,4,1,1,0.696667,0.637008,0.434167,0.185312,1027,3,4488,3,5515,3,0,0,0,0,0,0,0,0,0,0,1,0,0,0
182,7/1/2011,3,0,7,0,5,1,1,0.7225,0.652162,0.39625,0.102608,1246,4,4116,3,5362,3,0,0,0,0,0,0,0,0,0,0,0,0,0,1
183,7/2/2011,3,0,7,0,6,0,1,0.738333,0.667308,0.444583,0.115062,2204,4,2915,2,5119,3,0,0,0,0,0,0,0,0,0,0,0,0,1,0
184,7/3/2011,3,0,7,0,0,0,2,0.716667,0.668575,0.6825,0.228858,2282,4,2367,1,4649,3,1,0,0,0,0,0,0,0,0,0,0,0,0,0
185,7/4/2011,3,0,7,1,1,0,2,0.726667,0.665417,0.637917,0.0814792,3065,4,2978,2,6043,4,0,0,0,0,0,0,0,0,0,0,0,0,1,0
186,7/5/2011,3,0,7,0,2,1,1,0.746667,0.696338,0.590417,0.126258,1031,3,3634,2,4665,3,0,0,0,0,0,0,0,0,0,1,0,0,0,0
187,7/6/2011,3,0,7,0,3,1,1,0.72,0.685633,0.743333,0.149883,784,3,3845,3,4629,3,0,0,0,0,0,0,0,0,0,0,1,0,0,0
188,7/7/2011,3,0,7,0,4,1,1,0.75,0.686871,0.65125,0.1592,754,3,3838,3,4592,3,0,0,0,0,0,0,0,0,0,0,1,0,0,0
189,7/8/2011,3,0,7,0,5,1,2,0.709167,0.670483,0.757917,0.225129,692,2,3348,2,4040,2,0,0,0,0,0,1,0,0,0,0,0,0,0,0
190,7/9/2011,3,0,7,0,6,0,1,0.733333,0.664158,0.609167,0.167912,1988,4,3348,2,5336,3,0,0,0,0,0,0,0,0,0,0,0,0,1,0
191,7/10/2011,3,0,7,0,0,0,1,0.7475,0.690025,0.578333,0.183471,1743,4,3138,2,4881,3,0,0,0,0,0,0,0,0,0,0,0,0,1,0
192,7/11/2011,3,0,7,0,1,1,1,0.7625,0.729804,0.635833,0.282337,723,3,3363,2,4086,2,0,0,0,0,0,0,0,0,0,1,0,0,0,0
193,7/12/2011,3,0,7,0,2,1,1,0.794167,0.739275,0.559167,0.200254,662,2,3596,2,4258,2,0,0,0,0,0,1,0,0,0,0,0,0,0,0
194,7/13/2011,3,0,7,0,3,1,1,0.746667,0.689404,0.631667,0.146133,748,3,3594,2,4342,2,0,0,0,0,0,0,0,0,0,1,0,0,0,0
195,7/14/2011,3,0,7,0,4,1,1,0.680833,0.635104,0.47625,0.240667,888,3,4196,3,5084,3,0,0,0,0,0,0,0,0,0,0,1,0,0,0
196,7/15/2011,3,0,7,0,5,1,1,0.663333,0.624371,0.59125,0.182833,1318,4,4220,3,5538,3,0,0,0,0,0,0,0,0,0,0,0,0,0,1
197,7/16/2011,3,0,7,0,6,0,1,0.686667,0.638263,0.585,0.208342,2418,4,3505,2,5923,3,0,0,0,0,0,0,0,0,0,0,0,0,1,0
198,7/17/2011,3,0,7,0,0,0,1,0.719167,0.669833,0.604167,0.245033,2006,4,3296,2,5302,3,0,0,0,0,0,0,0,0,0,0,0,0,1,0
199,7/18/2011,3,0,7,0,1,1,1,0.746667,0.703925,0.65125,0.215804,841,3,3617,2,4458,2,0,0,0,0,0,0,0,0,0,1,0,0,0,0
200,7/19/2011,3,0,7,0,2,1,1,0.776667,0.747479,0.650417,0.1306,752,3,3789,3,4541,2,0,0,0,0,0,0,0,0,0,0,1,0,0,0
201,7/20/2011,3,0,7,0,3,1,1,0.768333,0.74685,0.707083,0.113817,644,2,3688,3,4332,2,0,0,0,0,0,0,1,0,0,0,0,0,0,0
202,7/21/2011,3,0,7,0,4,1,2,0.815,0.826371,0.69125,0.222021,632,2,3152,2,3784,2,0,0,0,0,0,1,0,0,0,0,0,0,0,0
203,7/22/2011,3,0,7,0,5,1,1,0.848333,0.840896,0.580417,0.1331,562,2,2825,2,3387,2,0,0,0,0,0,1,0,0,0,0,0,0,0,0
204,7/23/2011,3,0,7,0,6,0,1,0.849167,0.804287,0.5,0.131221,987,3,2298,1,3285,2,0,0,0,0,0,0,0,0,1,0,0,0,0,0
205,7/24/2011,3,0,7,0,0,0,1,0.83,0.794829,0.550833,0.169171,1050,3,2556,2,3606,2,0,0,0,0,0,0,0,0,0,1,0,0,0,0
206,7/25/2011,3,0,7,0,1,1,1,0.743333,0.720958,0.757083,0.0908083,568,2,3272,2,3840,2,0,0,0,0,0,1,0,0,0,0,0,0,0,0
207,7/26/2011,3,0,7,0,2,1,1,0.771667,0.696979,0.540833,0.200258,750,3,3840,3,4590,3,0,0,0,0,0,0,0,0,0,0,1,0,0,0
208,7/27/2011,3,0,7,0,3,1,1,0.775,0.690667,0.402917,0.183463,755,3,3901,3,4656,3,0,0,0,0,0,0,0,0,0,0,1,0,0,0
209,7/28/2011,3,0,7,0,4,1,1,0.779167,0.7399,0.583333,0.178479,606,2,3784,3,4390,2,0,0,0,0,0,0,1,0,0,0,0,0,0,0
210,7/29/2011,3,0,7,0,5,1,1,0.838333,0.785967,0.5425,0.174138,670,2,3176,2,3846,2,0,0,0,0,0,1,0,0,0,0,0,0,0,0
211,7/30/2011,3,0,7,0,6,0,1,0.804167,0.728537,0.465833,0.168537,1559,4,2916,2,4475,2,0,0,0,0,0,0,0,0,0,0,0,0,1,0
212,7/31/2011,3,0,7,0,0,0,1,0.805833,0.729796,0.480833,0.164813,1524,4,2778,2,4302,2,0,0,0,0,0,0,0,0,0,0,0,0,1,0
213,8/1/2011,3,0,8,0,1,1,1,0.771667,0.703292,0.550833,0.156717,729,3,3537,2,4266,2,0,0,0,0,0,0,0,0,0,1,0,0,0,0
214,8/2/2011,3,0,8,0,2,1,1,0.783333,0.707071,0.49125,0.20585,801,3,4044,3,4845,3,0,0,0,0,0,0,0,0,0,0,1,0,0,0
215,8/3/2011,3,0,8,0,3,1,2,0.731667,0.679937,0.6575,0.135583,467,2,3107,2,3574,2,0,0,0,0,0,1,0,0,0,0,0,0,0,0
216,8/4/2011,3,0,8,0,4,1,2,0.71,0.664788,0.7575,0.19715,799,3,3777,3,4576,3,0,0,0,0,0,0,0,0,0,0,1,0,0,0
217,8/5/2011,3,0,8,0,5,1,1,0.710833,0.656567,0.630833,0.184696,1023,3,3843,3,4866,3,0,0,0,0,0,0,0,0,0,0,1,0,0,0
218,8/6/2011,3,0,8,0,6,0,2,0.716667,0.676154,0.755,0.22825,1521,4,2773,2,4294,2,0,0,0,0,0,0,0,0,0,0,0,0,1,0
219,8/7/2011,3,0,8,0,0,0,1,0.7425,0.715292,0.752917,0.201487,1298,4,2487,1,3785,2,1,0,0,0,0,0,0,0,0,0,0,0,0,0
220,8/8/2011,3,0,8,0,1,1,1,0.765,0.703283,0.592083,0.192175,846,3,3480,2,4326,2,0,0,0,0,0,0,0,0,0,1,0,0,0,0
221,8/9/2011,3,0,8,0,2,1,1,0.775,0.724121,0.570417,0.151121,907,3,3695,3,4602,3,0,0,0,0,0,0,0,0,0,0,1,0,0,0
222,8/10/2011,3,0,8,0,3,1,1,0.766667,0.684983,0.424167,0.200258,884,3,3896,3,4780,3,0,0,0,0,0,0,0,0,0,0,1,0,0,0
223,8/11/2011,3,0,8,0,4,1,1,0.7175,0.651521,0.42375,0.164796,812,3,3980,3,4792,3,0,0,0,0,0,0,0,0,0,0,1,0,0,0
224,8/12/2011,3,0,8,0,5,1,1,0.708333,0.654042,0.415,0.125621,1051,3,3854,3,4905,3,0,0,0,0,0,0,0,0,0,0,1,0,0,0
225,8/13/2011,3,0,8,0,6,0,2,0.685833,0.645858,0.729583,0.211454,1504,4,2646,2,4150,2,0,0,0,0,0,0,0,0,0,0,0,0,1,0
226,8/14/2011,3,0,8,0,0,0,2,0.676667,0.624388,0.8175,0.222633,1338,4,2482,1,3820,2,1,0,0,0,0,0,0,0,0,0,0,0,0,0
227,8/15/2011,3,0,8,0,1,1,1,0.665833,0.616167,0.712083,0.208954,775,3,3563,2,4338,2,0,0,0,0,0,0,0,0,0,1,0,0,0,0
228,8/16/2011,3,0,8,0,2,1,1,0.700833,0.645837,0.578333,0.236329,721,3,4004,3,4725,3,0,0,0,0,0,0,0,0,0,0,1,0,0,0
229,8/17/2011,3,0,8,0,3,1,1,0.723333,0.666671,0.575417,0.143667,668,2,4026,3,4694,3,0,0,0,0,0,0,1,0,0,0,0,0,0,0
230,8/18/2011,3,0,8,0,4,1,1,0.711667,0.662258,0.654583,0.233208,639,2,3166,2,3805,2,0,0,0,0,0,1,0,0,0,0,0,0,0,0
231,8/19/2011,3,0,8,0,5,1,2,0.685,0.633221,0.722917,0.139308,797,3,3356,2,4153,2,0,0,0,0,0,0,0,0,0,1,0,0,0,0
232,8/20/2011,3,0,8,0,6,0,1,0.6975,0.648996,0.674167,0.104467,1914,4,3277,2,5191,3,0,0,0,0,0,0,0,0,0,0,0,0,1,0
233,8/21/2011,3,0,8,0,0,0,1,0.710833,0.675525,0.77,0.248754,1249,4,2624,2,3873,2,0,0,0,0,0,0,0,0,0,0,0,0,1,0
234,8/22/2011,3,0,8,0,1,1,1,0.691667,0.638254,0.47,0.27675,833,3,3925,3,4758,3,0,0,0,0,0,0,0,0,0,0,1,0,0,0
235,8/23/2011,3,0,8,0,2,1,1,0.640833,0.606067,0.455417,0.146763,1281,4,4614,3,5895,3,0,0,0,0,0,0,0,0,0,0,0,0,0,1
236,8/24/2011,3,0,8,0,3,1,1,0.673333,0.630692,0.605,0.253108,949,3,4181,3,5130,3,0,0,0,0,0,0,0,0,0,0,1,0,0,0
237,8/25/2011,3,0,8,0,4,1,2,0.684167,0.645854,0.771667,0.210833,435,2,3107,2,3542,2,0,0,0,0,0,1,0,0,0,0,0,0,0,0
238,8/26/2011,3,0,8,0,5,1,1,0.7,0.659733,0.76125,0.0839625,768,3,3893,3,4661,3,0,0,0,0,0,0,0,0,0,0,1,0,0,0
239,8/27/2011,3,0,8,0,6,0,2,0.68,0.635556,0.85,0.375617,226,1,889,1,1115,1,0,0,0,0,0,0,0,0,0,0,0,0,0,0
240,8/28/2011,3,0,8,0,0,0,1,0.707059,0.647959,0.561765,0.304659,1415,4,2919,2,4334,2,0,0,0,0,0,0,0,0,0,0,0,0,1,0
241,8/29/2011,3,0,8,0,1,1,1,0.636667,0.607958,0.554583,0.159825,729,3,3905,3,4634,3,0,0,0,0,0,0,0,0,0,0,1,0,0,0
242,8/30/2011,3,0,8,0,2,1,1,0.639167,0.594704,0.548333,0.125008,775,3,4429,3,5204,3,0,0,0,0,0,0,0,0,0,0,1,0,0,0
243,8/31/2011,3,0,8,0,3,1,1,0.656667,0.611121,0.597917,0.0833333,688,2,4370,3,5058,3,0,0,0,0,0,0,1,0,0,0,0,0,0,0
244,9/1/2011,3,0,9,0,4,1,1,0.655,0.614921,0.639167,0.141796,783,3,4332,3,5115,3,0,0,0,0,0,0,0,0,0,0,1,0,0,0
245,9/2/2011,3,0,9,0,5,1,2,0.643333,0.604808,0.727083,0.139929,875,3,3852,3,4727,3,0,0,0,0,0,0,0,0,0,0,1,0,0,0
246,9/3/2011,3,0,9,0,6,0,1,0.669167,0.633213,0.716667,0.185325,1935,4,2549,2,4484,2,0,0,0,0,0,0,0,0,0,0,0,0,1,0
247,9/4/2011,3,0,9,0,0,0,1,0.709167,0.665429,0.742083,0.206467,2521,4,2419,1,4940,3,1,0,0,0,0,0,0,0,0,0,0,0,0,0
248,9/5/2011,3,0,9,1,1,0,2,0.673333,0.625646,0.790417,0.212696,1236,4,2115,1,3351,2,1,0,0,0,0,0,0,0,0,0,0,0,0,0
249,9/6/2011,3,0,9,0,2,1,3,0.54,0.5152,0.886957,0.343943,204,1,2506,2,2710,1,0,0,1,0,0,0,0,0,0,0,0,0,0,0
250,9/7/2011,3,0,9,0,3,1,3,0.599167,0.544229,0.917083,0.0970208,118,1,1878,1,1996,1,0,0,0,0,0,0,0,0,0,0,0,0,0,0
251,9/8/2011,3,0,9,0,4,1,3,0.633913,0.555361,0.939565,0.192748,153,1,1689,1,1842,1,0,0,0,0,0,0,0,0,0,0,0,0,0,0
252,9/9/2011,3,0,9,0,5,1,2,0.65,0.578946,0.897917,0.124379,417,2,3127,2,3544,2,0,0,0,0,0,1,0,0,0,0,0,0,0,0
253,9/10/2011,3,0,9,0,6,0,1,0.66,0.607962,0.75375,0.153608,1750,4,3595,2,5345,3,0,0,0,0,0,0,0,0,0,0,0,0,1,0
254,9/11/2011,3,0,9,0,0,0,1,0.653333,0.609229,0.71375,0.115054,1633,4,3413,2,5046,3,0,0,0,0,0,0,0,0,0,0,0,0,1,0
255,9/12/2011,3,0,9,0,1,1,1,0.644348,0.60213,0.692174,0.088913,690,2,4023,3,4713,3,0,0,0,0,0,0,1,0,0,0,0,0,0,0
256,9/13/2011,3,0,9,0,2,1,1,0.650833,0.603554,0.7125,0.141804,701,2,4062,3,4763,3,0,0,0,0,0,0,1,0,0,0,0,0,0,0
257,9/14/2011,3,0,9,0,3,1,1,0.673333,0.6269,0.697083,0.1673,647,2,4138,3,4785,3,0,0,0,0,0,0,1,0,0,0,0,0,0,0
258,9/15/2011,3,0,9,0,4,1,2,0.5775,0.553671,0.709167,0.271146,428,2,3231,2,3659,2,0,0,0,0,0,1,0,0,0,0,0,0,0,0
259,9/16/2011,3,0,9,0,5,1,2,0.469167,0.461475,0.590417,0.164183,742,3,4018,3,4760,3,0,0,0,0,0,0,0,0,0,0,1,0,0,0
260,9/17/2011,3,0,9,0,6,0,2,0.491667,0.478512,0.718333,0.189675,1434,4,3077,2,4511,2,0,0,0,0,0,0,0,0,0,0,0,0,1,0
261,9/18/2011,3,0,9,0,0,0,1,0.5075,0.490537,0.695,0.178483,1353,4,2921,2,4274,2,0,0,0,0,0,0,0,0,0,0,0,0,1,0
262,9/19/2011,3,0,9,0,1,1,2,0.549167,0.529675,0.69,0.151742,691,2,3848,3,4539,2,0,0,0,0,0,0,1,0,0,0,0,0,0,0
263,9/20/2011,3,0,9,0,2,1,2,0.561667,0.532217,0.88125,0.134954,438,2,3203,2,3641,2,0,0,0,0,0,1,0,0,0,0,0,0,0,0
264,9/21/2011,3,0,9,0,3,1,2,0.595,0.550533,0.9,0.0964042,539,2,3813,3,4352,2,0,0,0,0,0,0,1,0,0,0,0,0,0,0
265,9/22/2011,3,0,9,0,4,1,2,0.628333,0.554963,0.902083,0.128125,555,2,4240,3,4795,3,0,0,0,0,0,0,1,0,0,0,0,0,0,0
266,9/23/2011,4,0,9,0,5,1,2,0.609167,0.522125,0.9725,0.0783667,258,1,2137,1,2395,1,0,0,0,0,0,0,0,0,0,0,0,0,0,0
267,9/24/2011,4,0,9,0,6,0,2,0.606667,0.564412,0.8625,0.0783833,1776,4,3647,2,5423,3,0,0,0,0,0,0,0,0,0,0,0,0,1,0
268,9/25/2011,4,0,9,0,0,0,2,0.634167,0.572637,0.845,0.0503792,1544,4,3466,2,5010,3,0,0,0,0,0,0,0,0,0,0,0,0,1,0
269,9/26/2011,4,0,9,0,1,1,2,0.649167,0.589042,0.848333,0.1107,684,2,3946,3,4630,3,0,0,0,0,0,0,1,0,0,0,0,0,0,0
270,9/27/2011,4,0,9,0,2,1,2,0.636667,0.574525,0.885417,0.118171,477,2,3643,2,4120,2,0,0,0,0,0,1,0,0,0,0,0,0,0,0
271,9/28/2011,4,0,9,0,3,1,2,0.635,0.575158,0.84875,0.148629,480,2,3427,2,3907,2,0,0,0,0,0,1,0,0,0,0,0,0,0,0
272,9/29/2011,4,0,9,0,4,1,1,0.616667,0.574512,0.699167,0.172883,653,2,4186,3,4839,3,0,0,0,0,0,0,1,0,0,0,0,0,0,0
273,9/30/2011,4,0,9,0,5,1,1,0.564167,0.544829,0.6475,0.206475,830,3,4372,3,5202,3,0,0,0,0,0,0,0,0,0,0,1,0,0,0
274,10/1/2011,4,0,10,0,6,0,2,0.41,0.412863,0.75375,0.292296,480,2,1949,1,2429,1,0,0,0,0,1,0,0,0,0,0,0,0,0,0
275,10/2/2011,4,0,10,0,0,0,2,0.356667,0.345317,0.791667,0.222013,616,2,2302,1,2918,1,0,0,0,0,1,0,0,0,0,0,0,0,0,0
276,10/3/2011,4,0,10,0,1,1,2,0.384167,0.392046,0.760833,0.0833458,330,2,3240,2,3570,2,0,0,0,0,0,1,0,0,0,0,0,0,0,0
277,10/4/2011,4,0,10,0,2,1,1,0.484167,0.472858,0.71,0.205854,486,2,3970,3,4456,2,0,0,0,0,0,0,1,0,0,0,0,0,0,0
278,10/5/2011,4,0,10,0,3,1,1,0.538333,0.527138,0.647917,0.17725,559,2,4267,3,4826,3,0,0,0,0,0,0,1,0,0,0,0,0,0,0
279,10/6/2011,4,0,10,0,4,1,1,0.494167,0.480425,0.620833,0.134954,639,2,4126,3,4765,3,0,0,0,0,0,0,1,0,0,0,0,0,0,0
280,10/7/2011,4,0,10,0,5,1,1,0.510833,0.504404,0.684167,0.0223917,949,3,4036,3,4985,3,0,0,0,0,0,0,0,0,0,0,1,0,0,0
281,10/8/2011,4,0,10,0,6,0,1,0.521667,0.513242,0.70125,0.0454042,2235,4,3174,2,5409,3,0,0,0,0,0,0,0,0,0,0,0,0,1,0
282,10/9/2011,4,0,10,0,0,0,1,0.540833,0.523983,0.7275,0.06345,2397,4,3114,2,5511,3,0,0,0,0,0,0,0,0,0,0,0,0,1,0
283,10/10/2011,4,0,10,1,1,0,1,0.570833,0.542925,0.73375,0.0423042,1514,4,3603,2,5117,3,0,0,0,0,0,0,0,0,0,0,0,0,1,0
284,10/11/2011,4,0,10,0,2,1,2,0.566667,0.546096,0.80875,0.143042,667,2,3896,3,4563,3,0,0,0,0,0,0,1,0,0,0,0,0,0,0
285,10/12/2011,4,0,10,0,3,1,3,0.543333,0.517717,0.90625,0.24815,217,1,2199,1,2416,1,0,0,0,0,0,0,0,0,0,0,0,0,0,0
286,10/13/2011,4,0,10,0,4,1,2,0.589167,0.551804,0.896667,0.141787,290,1,2623,2,2913,1,0,0,1,0,0,0,0,0,0,0,0,0,0,0
287,10/14/2011,4,0,10,0,5,1,2,0.550833,0.529675,0.71625,0.223883,529,2,3115,2,3644,2,0,0,0,0,0,1,0,0,0,0,0,0,0,0
288,10/15/2011,4,0,10,0,6,0,1,0.506667,0.498725,0.483333,0.258083,1899,4,3318,2,5217,3,0,0,0,0,0,0,0,0,0,0,0,0,1,0
289,10/16/2011,4,0,10,0,0,0,1,0.511667,0.503154,0.486667,0.281717,1748,4,3293,2,5041,3,0,0,0,0,0,0,0,0,0,0,0,0,1,0
290,10/17/2011,4,0,10,0,1,1,1,0.534167,0.510725,0.579583,0.175379,713,3,3857,3,4570,3,0,0,0,0,0,0,0,0,0,0,1,0,0,0
291,10/18/2011,4,0,10,0,2,1,2,0.5325,0.522721,0.701667,0.110087,637,2,4111,3,4748,3,0,0,0,0,0,0,1,0,0,0,0,0,0,0
292,10/19/2011,4,0,10,0,3,1,3,0.541739,0.513848,0.895217,0.243339,254,1,2170,1,2424,1,0,0,0,0,0,0,0,0,0,0,0,0,0,0
293,10/20/2011,4,0,10,0,4,1,1,0.475833,0.466525,0.63625,0.422275,471,2,3724,3,4195,2,0,0,0,0,0,0,1,0,0,0,0,0,0,0
294,10/21/2011,4,0,10,0,5,1,1,0.4275,0.423596,0.574167,0.221396,676,2,3628,2,4304,2,0,0,0,0,0,1,0,0,0,0,0,0,0,0
295,10/22/2011,4,0,10,0,6,0,1,0.4225,0.425492,0.629167,0.0926667,1499,4,2809,2,4308,2,0,0,0,0,0,0,0,0,0,0,0,0,1,0
296,10/23/2011,4,0,10,0,0,0,1,0.421667,0.422333,0.74125,0.0995125,1619,4,2762,2,4381,2,0,0,0,0,0,0,0,0,0,0,0,0,1,0
297,10/24/2011,4,0,10,0,1,1,1,0.463333,0.457067,0.772083,0.118792,699,2,3488,2,4187,2,0,0,0,0,0,1,0,0,0,0,0,0,0,0
298,10/25/2011,4,0,10,0,2,1,1,0.471667,0.463375,0.622917,0.166658,695,2,3992,3,4687,3,0,0,0,0,0,0,1,0,0,0,0,0,0,0
299,10/26/2011,4,0,10,0,3,1,2,0.484167,0.472846,0.720417,0.148642,404,2,3490,2,3894,2,0,0,0,0,0,1,0,0,0,0,0,0,0,0
300,10/27/2011,4,0,10,0,4,1,2,0.47,0.457046,0.812917,0.197763,240,1,2419,1,2659,1,0,0,0,0,0,0,0,0,0,0,0,0,0,0
301,10/28/2011,4,0,10,0,5,1,2,0.330833,0.318812,0.585833,0.229479,456,2,3291,2,3747,2,0,0,0,0,0,1,0,0,0,0,0,0,0,0
302,10/29/2011,4,0,10,0,6,0,3,0.254167,0.227913,0.8825,0.351371,57,1,570,1,627,1,0,0,0,0,0,0,0,0,0,0,0,0,0,0
303,10/30/2011,4,0,10,0,0,0,1,0.319167,0.321329,0.62375,0.176617,885,3,2446,1,3331,2,0,0,0,0,0,0,0,0,1,0,0,0,0,0
304,10/31/2011,4,0,10,0,1,1,1,0.34,0.356063,0.703333,0.10635,362,2,3307,2,3669,2,0,0,0,0,0,1,0,0,0,0,0,0,0,0
305,11/1/2011,4,0,11,0,2,1,1,0.400833,0.397088,0.68375,0.135571,410,2,3658,2,4068,2,0,0,0,0,0,1,0,0,0,0,0,0,0,0
306,11/2/2011,4,0,11,0,3,1,1,0.3775,0.390133,0.71875,0.0820917,370,2,3816,3,4186,2,0,0,0,0,0,0,1,0,0,0,0,0,0,0
307,11/3/2011,4,0,11,0,4,1,1,0.408333,0.405921,0.702083,0.136817,318,2,3656,2,3974,2,0,0,0,0,0,1,0,0,0,0,0,0,0,0
308,11/4/2011,4,0,11,0,5,1,2,0.403333,0.403392,0.6225,0.271779,470,2,3576,2,4046,2,0,0,0,0,0,1,0,0,0,0,0,0,0,0
309,11/5/2011,4,0,11,0,6,0,1,0.326667,0.323854,0.519167,0.189062,1156,4,2770,2,3926,2,0,0,0,0,0,0,0,0,0,0,0,0,1,0
310,11/6/2011,4,0,11,0,0,0,1,0.348333,0.362358,0.734583,0.0920542,952,3,2697,2,3649,2,0,0,0,0,0,0,0,0,0,1,0,0,0,0
311,11/7/2011,4,0,11,0,1,1,1,0.395,0.400871,0.75875,0.057225,373,2,3662,3,4035,2,0,0,0,0,0,0,1,0,0,0,0,0,0,0
312,11/8/2011,4,0,11,0,2,1,1,0.408333,0.412246,0.721667,0.0690375,376,2,3829,3,4205,2,0,0,0,0,0,0,1,0,0,0,0,0,0,0
313,11/9/2011,4,0,11,0,3,1,1,0.4,0.409079,0.758333,0.0621958,305,1,3804,3,4109,2,0,0,0,1,0,0,0,0,0,0,0,0,0,0
314,11/10/2011,4,0,11,0,4,1,2,0.38,0.373721,0.813333,0.189067,190,1,2743,2,2933,1,0,0,1,0,0,0,0,0,0,0,0,0,0,0
315,11/11/2011,4,0,11,1,5,0,1,0.324167,0.306817,0.44625,0.314675,440,2,2928,2,3368,2,0,0,0,0,0,1,0,0,0,0,0,0,0,0
316,11/12/2011,4,0,11,0,6,0,1,0.356667,0.357942,0.552917,0.212062,1275,4,2792,2,4067,2,0,0,0,0,0,0,0,0,0,0,0,0,1,0
317,11/13/2011,4,0,11,0,0,0,1,0.440833,0.43055,0.458333,0.281721,1004,3,2713,2,3717,2,0,0,0,0,0,0,0,0,0,1,0,0,0,0
318,11/14/2011,4,0,11,0,1,1,1,0.53,0.524612,0.587083,0.306596,595,2,3891,3,4486,2,0,0,0,0,0,0,1,0,0,0,0,0,0,0
319,11/15/2011,4,0,11,0,2,1,2,0.53,0.507579,0.68875,0.199633,449,2,3746,3,4195,2,0,0,0,0,0,0,1,0,0,0,0,0,0,0
320,11/16/2011,4,0,11,0,3,1,3,0.456667,0.451988,0.93,0.136829,145,1,1672,1,1817,1,0,0,0,0,0,0,0,0,0,0,0,0,0,0
321,11/17/2011,4,0,11,0,4,1,2,0.341667,0.323221,0.575833,0.305362,139,1,2914,2,3053,1,0,0,1,0,0,0,0,0,0,0,0,0,0,0
322,11/18/2011,4,0,11,0,5,1,1,0.274167,0.272721,0.41,0.168533,245,1,3147,2,3392,2,0,0,1,0,0,0,0,0,0,0,0,0,0,0
323,11/19/2011,4,0,11,0,6,0,1,0.329167,0.324483,0.502083,0.224496,943,3,2720,2,3663,2,0,0,0,0,0,0,0,0,0,1,0,0,0,0
324,11/20/2011,4,0,11,0,0,0,2,0.463333,0.457058,0.684583,0.18595,787,3,2733,2,3520,2,0,0,0,0,0,0,0,0,0,1,0,0,0,0
325,11/21/2011,4,0,11,0,1,1,3,0.4475,0.445062,0.91,0.138054,220,1,2545,2,2765,1,0,0,1,0,0,0,0,0,0,0,0,0,0,0
326,11/22/2011,4,0,11,0,2,1,3,0.416667,0.421696,0.9625,0.118792,69,1,1538,1,1607,1,0,0,0,0,0,0,0,0,0,0,0,0,0,0
327,11/23/2011,4,0,11,0,3,1,2,0.440833,0.430537,0.757917,0.335825,112,1,2454,1,2566,1,0,0,0,0,0,0,0,0,0,0,0,0,0,0
328,11/24/2011,4,0,11,1,4,0,1,0.373333,0.372471,0.549167,0.167304,560,2,935,1,1495,1,0,0,0,0,1,0,0,0,0,0,0,0,0,0
329,11/25/2011,4,0,11,0,5,1,1,0.375,0.380671,0.64375,0.0988958,1095,3,1697,1,2792,1,0,0,0,0,0,0,0,0,1,0,0,0,0,0
330,11/26/2011,4,0,11,0,6,0,1,0.375833,0.385087,0.681667,0.0684208,1249,4,1819,1,3068,1,1,0,0,0,0,0,0,0,0,0,0,0,0,0
331,11/27/2011,4,0,11,0,0,0,1,0.459167,0.4558,0.698333,0.208954,810,3,2261,1,3071,1,0,0,0,0,0,0,0,0,1,0,0,0,0,0
332,11/28/2011,4,0,11,0,1,1,1,0.503478,0.490122,0.743043,0.142122,253,1,3614,2,3867,2,0,0,1,0,0,0,0,0,0,0,0,0,0,0
333,11/29/2011,4,0,11,0,2,1,2,0.458333,0.451375,0.830833,0.258092,96,1,2818,2,2914,1,0,0,1,0,0,0,0,0,0,0,0,0,0,0
334,11/30/2011,4,0,11,0,3,1,1,0.325,0.311221,0.613333,0.271158,188,1,3425,2,3613,2,0,0,1,0,0,0,0,0,0,0,0,0,0,0
335,12/1/2011,4,0,12,0,4,1,1,0.3125,0.305554,0.524583,0.220158,182,1,3545,2,3727,2,0,0,1,0,0,0,0,0,0,0,0,0,0,0
336,12/2/2011,4,0,12,0,5,1,1,0.314167,0.331433,0.625833,0.100754,268,1,3672,3,3940,2,0,0,0,1,0,0,0,0,0,0,0,0,0,0
337,12/3/2011,4,0,12,0,6,0,1,0.299167,0.310604,0.612917,0.0957833,706,2,2908,2,3614,2,0,0,0,0,0,1,0,0,0,0,0,0,0,0
338,12/4/2011,4,0,12,0,0,0,1,0.330833,0.3491,0.775833,0.0839583,634,2,2851,2,3485,2,0,0,0,0,0,1,0,0,0,0,0,0,0,0
339,12/5/2011,4,0,12,0,1,1,2,0.385833,0.393925,0.827083,0.0622083,233,1,3578,2,3811,2,0,0,1,0,0,0,0,0,0,0,0,0,0,0
340,12/6/2011,4,0,12,0,2,1,3,0.4625,0.4564,0.949583,0.232583,126,1,2468,1,2594,1,0,0,0,0,0,0,0,0,0,0,0,0,0,0
341,12/7/2011,4,0,12,0,3,1,3,0.41,0.400246,0.970417,0.266175,50,1,655,1,705,1,0,0,0,0,0,0,0,0,0,0,0,0,0,0
342,12/8/2011,4,0,12,0,4,1,1,0.265833,0.256938,0.58,0.240058,150,1,3172,2,3322,2,0,0,1,0,0,0,0,0,0,0,0,0,0,0
343,12/9/2011,4,0,12,0,5,1,1,0.290833,0.317542,0.695833,0.0827167,261,1,3359,2,3620,2,0,0,1,0,0,0,0,0,0,0,0,0,0,0
344,12/10/2011,4,0,12,0,6,0,1,0.275,0.266412,0.5075,0.233221,502,2,2688,2,3190,2,0,0,0,0,0,1,0,0,0,0,0,0,0,0
345,12/11/2011,4,0,12,0,0,0,1,0.220833,0.253154,0.49,0.0665417,377,2,2366,1,2743,1,0,0,0,0,1,0,0,0,0,0,0,0,0,0
346,12/12/2011,4,0,12,0,1,1,1,0.238333,0.270196,0.670833,0.06345,143,1,3167,2,3310,2,0,0,1,0,0,0,0,0,0,0,0,0,0,0
347,12/13/2011,4,0,12,0,2,1,1,0.2825,0.301138,0.59,0.14055,155,1,3368,2,3523,2,0,0,1,0,0,0,0,0,0,0,0,0,0,0
348,12/14/2011,4,0,12,0,3,1,2,0.3175,0.338362,0.66375,0.0609583,178,1,3562,2,3740,2,0,0,1,0,0,0,0,0,0,0,0,0,0,0
349,12/15/2011,4,0,12,0,4,1,2,0.4225,0.412237,0.634167,0.268042,181,1,3528,2,3709,2,0,0,1,0,0,0,0,0,0,0,0,0,0,0
350,12/16/2011,4,0,12,0,5,1,2,0.375,0.359825,0.500417,0.260575,178,1,3399,2,3577,2,0,0,1,0,0,0,0,0,0,0,0,0,0,0
351,12/17/2011,4,0,12,0,6,0,2,0.258333,0.249371,0.560833,0.243167,275,1,2464,1,2739,1,0,0,0,0,0,0,0,0,0,0,0,0,0,0
352,12/18/2011,4,0,12,0,0,0,1,0.238333,0.245579,0.58625,0.169779,220,1,2211,1,2431,1,0,0,0,0,0,0,0,0,0,0,0,0,0,0
353,12/19/2011,4,0,12,0,1,1,1,0.276667,0.280933,0.6375,0.172896,260,1,3143,2,3403,2,0,0,1,0,0,0,0,0,0,0,0,0,0,0
354,12/20/2011,4,0,12,0,2,1,2,0.385833,0.396454,0.595417,0.0615708,216,1,3534,2,3750,2,0,0,1,0,0,0,0,0,0,0,0,0,0,0
355,12/21/2011,1,0,12,0,3,1,2,0.428333,0.428017,0.858333,0.2214,107,1,2553,2,2660,1,0,0,1,0,0,0,0,0,0,0,0,0,0,0
356,12/22/2011,1,0,12,0,4,1,2,0.423333,0.426121,0.7575,0.047275,227,1,2841,2,3068,1,0,0,1,0,0,0,0,0,0,0,0,0,0,0
357,12/23/2011,1,0,12,0,5,1,1,0.373333,0.377513,0.68625,0.274246,163,1,2046,1,2209,1,0,0,0,0,0,0,0,0,0,0,0,0,0,0
358,12/24/2011,1,0,12,0,6,0,1,0.3025,0.299242,0.5425,0.190304,155,1,856,1,1011,1,0,0,0,0,0,0,0,0,0,0,0,0,0,0
359,12/25/2011,1,0,12,0,0,0,1,0.274783,0.279961,0.681304,0.155091,303,1,451,1,754,1,0,0,0,0,0,0,0,0,0,0,0,0,0,0
360,12/26/2011,1,0,12,1,1,0,1,0.321739,0.315535,0.506957,0.239465,430,2,887,1,1317,1,0,0,0,0,1,0,0,0,0,0,0,0,0,0
361,12/27/2011,1,0,12,0,2,1,2,0.325,0.327633,0.7625,0.18845,103,1,1059,1,1162,1,0,0,0,0,0,0,0,0,0,0,0,0,0,0
362,12/28/2011,1,0,12,0,3,1,1,0.29913,0.279974,0.503913,0.293961,255,1,2047,1,2302,1,0,0,0,0,0,0,0,0,0,0,0,0,0,0
363,12/29/2011,1,0,12,0,4,1,1,0.248333,0.263892,0.574167,0.119412,254,1,2169,1,2423,1,0,0,0,0,0,0,0,0,0,0,0,0,0,0
364,12/30/2011,1,0,12,0,5,1,1,0.311667,0.318812,0.636667,0.134337,491,2,2508,2,2999,1,0,0,0,0,0,1,0,0,0,0,0,0,0,0
365,12/31/2011,1,0,12,0,6,0,1,0.41,0.414121,0.615833,0.220154,665,2,1820,1,2485,1,0,0,0,0,1,0,0,0,0,0,0,0,0,0
366,1/1/2012,1,1,1,0,0,0,1,0.37,0.375621,0.6925,0.192167,686,2,1608,1,2294,1,0,0,0,0,1,0,0,0,0,0,0,0,0,0
367,1/2/2012,1,1,1,1,1,0,1,0.273043,0.252304,0.381304,0.329665,244,1,1707,1,1951,1,0,0,0,0,0,0,0,0,0,0,0,0,0,0
368,1/3/2012,1,1,1,0,2,1,1,0.15,0.126275,0.44125,0.365671,89,1,2147,1,2236,1,0,0,0,0,0,0,0,0,0,0,0,0,0,0
369,1/4/2012,1,1,1,0,3,1,2,0.1075,0.119337,0.414583,0.1847,95,1,2273,1,2368,1,0,0,0,0,0,0,0,0,0,0,0,0,0,0
370,1/5/2012,1,1,1,0,4,1,1,0.265833,0.278412,0.524167,0.129987,140,1,3132,2,3272,2,0,0,1,0,0,0,0,0,0,0,0,0,0,0
371,1/6/2012,1,1,1,0,5,1,1,0.334167,0.340267,0.542083,0.167908,307,1,3791,3,4098,2,0,0,0,1,0,0,0,0,0,0,0,0,0,0
372,1/7/2012,1,1,1,0,6,0,1,0.393333,0.390779,0.531667,0.174758,1070,3,3451,2,4521,2,0,0,0,0,0,0,0,0,0,1,0,0,0,0
373,1/8/2012,1,1,1,0,0,0,1,0.3375,0.340258,0.465,0.191542,599,2,2826,2,3425,2,0,0,0,0,0,1,0,0,0,0,0,0,0,0
374,1/9/2012,1,1,1,0,1,1,2,0.224167,0.247479,0.701667,0.0989,106,1,2270,1,2376,1,0,0,0,0,0,0,0,0,0,0,0,0,0,0
375,1/10/2012,1,1,1,0,2,1,1,0.308696,0.318826,0.646522,0.187552,173,1,3425,2,3598,2,0,0,1,0,0,0,0,0,0,0,0,0,0,0
376,1/11/2012,1,1,1,0,3,1,2,0.274167,0.282821,0.8475,0.131221,92,1,2085,1,2177,1,0,0,0,0,0,0,0,0,0,0,0,0,0,0
377,1/12/2012,1,1,1,0,4,1,2,0.3825,0.381938,0.802917,0.180967,269,1,3828,3,4097,2,0,0,0,1,0,0,0,0,0,0,0,0,0,0
378,1/13/2012,1,1,1,0,5,1,1,0.274167,0.249362,0.5075,0.378108,174,1,3040,2,3214,2,0,0,1,0,0,0,0,0,0,0,0,0,0,0
379,1/14/2012,1,1,1,0,6,0,1,0.18,0.183087,0.4575,0.187183,333,2,2160,1,2493,1,0,0,0,0,1,0,0,0,0,0,0,0,0,0
380,1/15/2012,1,1,1,0,0,0,1,0.166667,0.161625,0.419167,0.251258,284,1,2027,1,2311,1,0,0,0,0,0,0,0,0,0,0,0,0,0,0
381,1/16/2012,1,1,1,1,1,0,1,0.19,0.190663,0.5225,0.231358,217,1,2081,1,2298,1,0,0,0,0,0,0,0,0,0,0,0,0,0,0
382,1/17/2012,1,1,1,0,2,1,2,0.373043,0.364278,0.716087,0.34913,127,1,2808,2,2935,1,0,0,1,0,0,0,0,0,0,0,0,0,0,0
383,1/18/2012,1,1,1,0,3,1,1,0.303333,0.275254,0.443333,0.415429,109,1,3267,2,3376,2,0,0,1,0,0,0,0,0,0,0,0,0,0,0
384,1/19/2012,1,1,1,0,4,1,1,0.19,0.190038,0.4975,0.220158,130,1,3162,2,3292,2,0,0,1,0,0,0,0,0,0,0,0,0,0,0
385,1/20/2012,1,1,1,0,5,1,2,0.2175,0.220958,0.45,0.20275,115,1,3048,2,3163,2,0,0,1,0,0,0,0,0,0,0,0,0,0,0
386,1/21/2012,1,1,1,0,6,0,2,0.173333,0.174875,0.83125,0.222642,67,1,1234,1,1301,1,0,0,0,0,0,0,0,0,0,0,0,0,0,0
387,1/22/2012,1,1,1,0,0,0,2,0.1625,0.16225,0.79625,0.199638,196,1,1781,1,1977,1,0,0,0,0,0,0,0,0,0,0,0,0,0,0
388,1/23/2012,1,1,1,0,1,1,2,0.218333,0.243058,0.91125,0.110708,145,1,2287,1,2432,1,0,0,0,0,0,0,0,0,0,0,0,0,0,0
389,1/24/2012,1,1,1,0,2,1,1,0.3425,0.349108,0.835833,0.123767,439,2,3900,3,4339,2,0,0,0,0,0,0,1,0,0,0,0,0,0,0
390,1/25/2012,1,1,1,0,3,1,1,0.294167,0.294821,0.64375,0.161071,467,2,3803,3,4270,2,0,0,0,0,0,0,1,0,0,0,0,0,0,0
391,1/26/2012,1,1,1,0,4,1,2,0.341667,0.35605,0.769583,0.0733958,244,1,3831,3,4075,2,0,0,0,1,0,0,0,0,0,0,0,0,0,0
392,1/27/2012,1,1,1,0,5,1,2,0.425,0.415383,0.74125,0.342667,269,1,3187,2,3456,2,0,0,1,0,0,0,0,0,0,0,0,0,0,0
393,1/28/2012,1,1,1,0,6,0,1,0.315833,0.326379,0.543333,0.210829,775,3,3248,2,4023,2,0,0,0,0,0,0,0,0,0,1,0,0,0,0
394,1/29/2012,1,1,1,0,0,0,1,0.2825,0.272721,0.31125,0.24005,558,2,2685,2,3243,2,0,0,0,0,0,1,0,0,0,0,0,0,0,0
395,1/30/2012,1,1,1,0,1,1,1,0.269167,0.262625,0.400833,0.215792,126,1,3498,2,3624,2,0,0,1,0,0,0,0,0,0,0,0,0,0,0
396,1/31/2012,1,1,1,0,2,1,1,0.39,0.381317,0.416667,0.261817,324,2,4185,3,4509,2,0,0,0,0,0,0,1,0,0,0,0,0,0,0
397,2/1/2012,1,1,2,0,3,1,1,0.469167,0.466538,0.507917,0.189067,304,1,4275,3,4579,3,0,0,0,1,0,0,0,0,0,0,0,0,0,0
398,2/2/2012,1,1,2,0,4,1,2,0.399167,0.398971,0.672917,0.187187,190,1,3571,2,3761,2,0,0,1,0,0,0,0,0,0,0,0,0,0,0
399,2/3/2012,1,1,2,0,5,1,1,0.313333,0.309346,0.526667,0.178496,310,1,3841,3,4151,2,0,0,0,1,0,0,0,0,0,0,0,0,0,0
400,2/4/2012,1,1,2,0,6,0,2,0.264167,0.272725,0.779583,0.121896,384,2,2448,1,2832,1,0,0,0,0,1,0,0,0,0,0,0,0,0,0
401,2/5/2012,1,1,2,0,0,0,2,0.265833,0.264521,0.687917,0.175996,318,2,2629,2,2947,1,0,0,0,0,0,1,0,0,0,0,0,0,0,0
402,2/6/2012,1,1,2,0,1,1,1,0.282609,0.296426,0.622174,0.1538,206,1,3578,2,3784,2,0,0,1,0,0,0,0,0,0,0,0,0,0,0
403,2/7/2012,1,1,2,0,2,1,1,0.354167,0.361104,0.49625,0.147379,199,1,4176,3,4375,2,0,0,0,1,0,0,0,0,0,0,0,0,0,0
404,2/8/2012,1,1,2,0,3,1,2,0.256667,0.266421,0.722917,0.133721,109,1,2693,2,2802,1,0,0,1,0,0,0,0,0,0,0,0,0,0,0
405,2/9/2012,1,1,2,0,4,1,1,0.265,0.261988,0.562083,0.194037,163,1,3667,3,3830,2,0,0,0,1,0,0,0,0,0,0,0,0,0,0
406,2/10/2012,1,1,2,0,5,1,2,0.280833,0.293558,0.54,0.116929,227,1,3604,2,3831,2,0,0,1,0,0,0,0,0,0,0,0,0,0,0
407,2/11/2012,1,1,2,0,6,0,3,0.224167,0.210867,0.73125,0.289796,192,1,1977,1,2169,1,0,0,0,0,0,0,0,0,0,0,0,0,0,0
408,2/12/2012,1,1,2,0,0,0,1,0.1275,0.101658,0.464583,0.409212,73,1,1456,1,1529,1,0,0,0,0,0,0,0,0,0,0,0,0,0,0
409,2/13/2012,1,1,2,0,1,1,1,0.2225,0.227913,0.41125,0.167283,94,1,3328,2,3422,2,0,0,1,0,0,0,0,0,0,0,0,0,0,0
410,2/14/2012,1,1,2,0,2,1,2,0.319167,0.333946,0.50875,0.141179,135,1,3787,3,3922,2,0,0,0,1,0,0,0,0,0,0,0,0,0,0
411,2/15/2012,1,1,2,0,3,1,1,0.348333,0.351629,0.53125,0.1816,141,1,4028,3,4169,2,0,0,0,1,0,0,0,0,0,0,0,0,0,0
412,2/16/2012,1,1,2,0,4,1,2,0.316667,0.330162,0.752917,0.091425,74,1,2931,2,3005,1,0,0,1,0,0,0,0,0,0,0,0,0,0,0
413,2/17/2012,1,1,2,0,5,1,1,0.343333,0.351629,0.634583,0.205846,349,2,3805,3,4154,2,0,0,0,0,0,0,1,0,0,0,0,0,0,0
414,2/18/2012,1,1,2,0,6,0,1,0.346667,0.355425,0.534583,0.190929,1435,4,2883,2,4318,2,0,0,0,0,0,0,0,0,0,0,0,0,1,0
415,2/19/2012,1,1,2,0,0,0,2,0.28,0.265788,0.515833,0.253112,618,2,2071,1,2689,1,0,0,0,0,1,0,0,0,0,0,0,0,0,0
416,2/20/2012,1,1,2,1,1,0,1,0.28,0.273391,0.507826,0.229083,502,2,2627,2,3129,1,0,0,0,0,0,1,0,0,0,0,0,0,0,0
417,2/21/2012,1,1,2,0,2,1,1,0.287826,0.295113,0.594348,0.205717,163,1,3614,2,3777,2,0,0,1,0,0,0,0,0,0,0,0,0,0,0
418,2/22/2012,1,1,2,0,3,1,1,0.395833,0.392667,0.567917,0.234471,394,2,4379,3,4773,3,0,0,0,0,0,0,1,0,0,0,0,0,0,0
419,2/23/2012,1,1,2,0,4,1,1,0.454167,0.444446,0.554583,0.190913,516,2,4546,3,5062,3,0,0,0,0,0,0,1,0,0,0,0,0,0,0
420,2/24/2012,1,1,2,0,5,1,2,0.4075,0.410971,0.7375,0.237567,246,1,3241,2,3487,2,0,0,1,0,0,0,0,0,0,0,0,0,0,0
421,2/25/2012,1,1,2,0,6,0,1,0.290833,0.255675,0.395833,0.421642,317,2,2415,1,2732,1,0,0,0,0,1,0,0,0,0,0,0,0,0,0
422,2/26/2012,1,1,2,0,0,0,1,0.279167,0.268308,0.41,0.205229,515,2,2874,2,3389,2,0,0,0,0,0,1,0,0,0,0,0,0,0,0
423,2/27/2012,1,1,2,0,1,1,1,0.366667,0.357954,0.490833,0.268033,253,1,4069,3,4322,2,0,0,0,1,0,0,0,0,0,0,0,0,0,0
424,2/28/2012,1,1,2,0,2,1,1,0.359167,0.353525,0.395833,0.193417,229,1,4134,3,4363,2,0,0,0,1,0,0,0,0,0,0,0,0,0,0
425,2/29/2012,1,1,2,0,3,1,2,0.344348,0.34847,0.804783,0.179117,65,1,1769,1,1834,1,0,0,0,0,0,0,0,0,0,0,0,0,0,0
426,3/1/2012,1,1,3,0,4,1,1,0.485833,0.475371,0.615417,0.226987,325,2,4665,3,4990,3,0,0,0,0,0,0,1,0,0,0,0,0,0,0
427,3/2/2012,1,1,3,0,5,1,2,0.353333,0.359842,0.657083,0.144904,246,1,2948,2,3194,2,0,0,1,0,0,0,0,0,0,0,0,0,0,0
428,3/3/2012,1,1,3,0,6,0,2,0.414167,0.413492,0.62125,0.161079,956,3,3110,2,4066,2,0,0,0,0,0,0,0,0,0,1,0,0,0,0
429,3/4/2012,1,1,3,0,0,0,1,0.325833,0.303021,0.403333,0.334571,710,2,2713,2,3423,2,0,0,0,0,0,1,0,0,0,0,0,0,0,0
430,3/5/2012,1,1,3,0,1,1,1,0.243333,0.241171,0.50625,0.228858,203,1,3130,2,3333,2,0,0,1,0,0,0,0,0,0,0,0,0,0,0
431,3/6/2012,1,1,3,0,2,1,1,0.258333,0.255042,0.456667,0.200875,221,1,3735,3,3956,2,0,0,0,1,0,0,0,0,0,0,0,0,0,0
432,3/7/2012,1,1,3,0,3,1,1,0.404167,0.3851,0.513333,0.345779,432,2,4484,3,4916,3,0,0,0,0,0,0,1,0,0,0,0,0,0,0
433,3/8/2012,1,1,3,0,4,1,1,0.5275,0.524604,0.5675,0.441563,486,2,4896,4,5382,3,0,0,0,0,0,0,0,1,0,0,0,0,0,0
434,3/9/2012,1,1,3,0,5,1,2,0.410833,0.397083,0.407083,0.4148,447,2,4122,3,4569,3,0,0,0,0,0,0,1,0,0,0,0,0,0,0
435,3/10/2012,1,1,3,0,6,0,1,0.2875,0.277767,0.350417,0.22575,968,3,3150,2,4118,2,0,0,0,0,0,0,0,0,0,1,0,0,0,0
436,3/11/2012,1,1,3,0,0,0,1,0.361739,0.35967,0.476957,0.222587,1658,4,3253,2,4911,3,0,0,0,0,0,0,0,0,0,0,0,0,1,0
437,3/12/2012,1,1,3,0,1,1,1,0.466667,0.459592,0.489167,0.207713,838,3,4460,3,5298,3,0,0,0,0,0,0,0,0,0,0,1,0,0,0
438,3/13/2012,1,1,3,0,2,1,1,0.565,0.542929,0.6175,0.23695,762,3,5085,4,5847,3,0,0,0,0,0,0,0,0,0,0,0,1,0,0
439,3/14/2012,1,1,3,0,3,1,1,0.5725,0.548617,0.507083,0.115062,997,3,5315,4,6312,4,0,0,0,0,0,0,0,0,0,0,0,1,0,0
440,3/15/2012,1,1,3,0,4,1,1,0.5575,0.532825,0.579583,0.149883,1005,3,5187,4,6192,4,0,0,0,0,0,0,0,0,0,0,0,1,0,0
441,3/16/2012,1,1,3,0,5,1,2,0.435833,0.436229,0.842083,0.113192,548,2,3830,3,4378,2,0,0,0,0,0,0,1,0,0,0,0,0,0,0
442,3/17/2012,1,1,3,0,6,0,2,0.514167,0.505046,0.755833,0.110704,3155,4,4681,3,7836,4,0,0,0,0,0,0,0,0,0,0,0,0,0,1
443,3/18/2012,1,1,3,0,0,0,2,0.4725,0.464,0.81,0.126883,2207,4,3685,3,5892,3,0,0,0,0,0,0,0,0,0,0,0,0,0,1
444,3/19/2012,1,1,3,0,1,1,1,0.545,0.532821,0.72875,0.162317,982,3,5171,4,6153,4,0,0,0,0,0,0,0,0,0,0,0,1,0,0
445,3/20/2012,1,1,3,0,2,1,1,0.560833,0.538533,0.807917,0.121271,1051,3,5042,4,6093,4,0,0,0,0,0,0,0,0,0,0,0,1,0,0
446,3/21/2012,2,1,3,0,3,1,2,0.531667,0.513258,0.82125,0.0895583,1122,4,5108,4,6230,4,0,1,0,0,0,0,0,0,0,0,0,0,0,0
447,3/22/2012,2,1,3,0,4,1,1,0.554167,0.531567,0.83125,0.117562,1334,4,5537,4,6871,4,0,1,0,0,0,0,0,0,0,0,0,0,0,0
448,3/23/2012,2,1,3,0,5,1,2,0.601667,0.570067,0.694167,0.1163,2469,4,5893,4,8362,4,0,1,0,0,0,0,0,0,0,0,0,0,0,0
449,3/24/2012,2,1,3,0,6,0,2,0.5025,0.486733,0.885417,0.192783,1033,3,2339,1,3372,2,0,0,0,0,0,0,0,0,1,0,0,0,0,0
450,3/25/2012,2,1,3,0,0,0,2,0.4375,0.437488,0.880833,0.220775,1532,4,3464,2,4996,3,0,0,0,0,0,0,0,0,0,0,0,0,1,0
451,3/26/2012,2,1,3,0,1,1,1,0.445833,0.43875,0.477917,0.386821,795,3,4763,3,5558,3,0,0,0,0,0,0,0,0,0,0,1,0,0,0
452,3/27/2012,2,1,3,0,2,1,1,0.323333,0.315654,0.29,0.187192,531,2,4571,3,5102,3,0,0,0,0,0,0,1,0,0,0,0,0,0,0
453,3/28/2012,2,1,3,0,3,1,1,0.484167,0.47095,0.48125,0.291671,674,2,5024,4,5698,3,0,0,0,0,0,0,0,1,0,0,0,0,0,0
454,3/29/2012,2,1,3,0,4,1,1,0.494167,0.482304,0.439167,0.31965,834,3,5299,4,6133,4,0,0,0,0,0,0,0,0,0,0,0,1,0,0
455,3/30/2012,2,1,3,0,5,1,2,0.37,0.375621,0.580833,0.138067,796,3,4663,3,5459,3,0,0,0,0,0,0,0,0,0,0,1,0,0,0
456,3/31/2012,2,1,3,0,6,0,2,0.424167,0.421708,0.738333,0.250617,2301,4,3934,3,6235,4,0,0,0,0,0,0,0,0,0,0,0,0,0,1
457,4/1/2012,2,1,4,0,0,0,2,0.425833,0.417287,0.67625,0.172267,2347,4,3694,3,6041,4,0,0,0,0,0,0,0,0,0,0,0,0,0,1
458,4/2/2012,2,1,4,0,1,1,1,0.433913,0.427513,0.504348,0.312139,1208,4,4728,3,5936,3,0,0,0,0,0,0,0,0,0,0,0,0,0,1
459,4/3/2012,2,1,4,0,2,1,1,0.466667,0.461483,0.396667,0.100133,1348,4,5424,4,6772,4,0,1,0,0,0,0,0,0,0,0,0,0,0,0
460,4/4/2012,2,1,4,0,3,1,1,0.541667,0.53345,0.469583,0.180975,1058,3,5378,4,6436,4,0,0,0,0,0,0,0,0,0,0,0,1,0,0
461,4/5/2012,2,1,4,0,4,1,1,0.435,0.431163,0.374167,0.219529,1192,4,5265,4,6457,4,0,1,0,0,0,0,0,0,0,0,0,0,0,0
462,4/6/2012,2,1,4,0,5,1,1,0.403333,0.390767,0.377083,0.300388,1807,4,4653,3,6460,4,0,0,0,0,0,0,0,0,0,0,0,0,0,1
463,4/7/2012,2,1,4,0,6,0,1,0.4375,0.426129,0.254167,0.274871,3252,4,3605,2,6857,4,0,0,0,0,0,0,0,0,0,0,0,0,1,0
464,4/8/2012,2,1,4,0,0,0,1,0.5,0.492425,0.275833,0.232596,2230,4,2939,2,5169,3,0,0,0,0,0,0,0,0,0,0,0,0,1,0
465,4/9/2012,2,1,4,0,1,1,1,0.489167,0.476638,0.3175,0.358196,905,3,4680,3,5585,3,0,0,0,0,0,0,0,0,0,0,1,0,0,0
466,4/10/2012,2,1,4,0,2,1,1,0.446667,0.436233,0.435,0.249375,819,3,5099,4,5918,3,0,0,0,0,0,0,0,0,0,0,0,1,0,0
467,4/11/2012,2,1,4,0,3,1,1,0.348696,0.337274,0.469565,0.295274,482,2,4380,3,4862,3,0,0,0,0,0,0,1,0,0,0,0,0,0,0
468,4/12/2012,2,1,4,0,4,1,1,0.3975,0.387604,0.46625,0.290429,663,2,4746,3,5409,3,0,0,0,0,0,0,1,0,0,0,0,0,0,0
469,4/13/2012,2,1,4,0,5,1,1,0.4425,0.431808,0.408333,0.155471,1252,4,5146,4,6398,4,0,1,0,0,0,0,0,0,0,0,0,0,0,0
470,4/14/2012,2,1,4,0,6,0,1,0.495,0.487996,0.502917,0.190917,2795,4,4665,3,7460,4,0,0,0,0,0,0,0,0,0,0,0,0,0,1
471,4/15/2012,2,1,4,0,0,0,1,0.606667,0.573875,0.507917,0.225129,2846,4,4286,3,7132,4,0,0,0,0,0,0,0,0,0,0,0,0,0,1
472,4/16/2012,2,1,4,1,1,0,1,0.664167,0.614925,0.561667,0.284829,1198,4,5172,4,6370,4,0,1,0,0,0,0,0,0,0,0,0,0,0,0
473,4/17/2012,2,1,4,0,2,1,1,0.608333,0.598487,0.390417,0.273629,989,3,5702,4,6691,4,0,0,0,0,0,0,0,0,0,0,0,1,0,0
474,4/18/2012,2,1,4,0,3,1,2,0.463333,0.457038,0.569167,0.167912,347,2,4020,3,4367,2,0,0,0,0,0,0,1,0,0,0,0,0,0,0
475,4/19/2012,2,1,4,0,4,1,1,0.498333,0.493046,0.6125,0.0659292,846,3,5719,4,6565,4,0,0,0,0,0,0,0,0,0,0,0,1,0,0
476,4/20/2012,2,1,4,0,5,1,1,0.526667,0.515775,0.694583,0.149871,1340,4,5950,4,7290,4,0,1,0,0,0,0,0,0,0,0,0,0,0,0
477,4/21/2012,2,1,4,0,6,0,1,0.57,0.542921,0.682917,0.283587,2541,4,4083,3,6624,4,0,0,0,0,0,0,0,0,0,0,0,0,0,1
478,4/22/2012,2,1,4,0,0,0,3,0.396667,0.389504,0.835417,0.344546,120,1,907,1,1027,1,0,0,0,0,0,0,0,0,0,0,0,0,0,0
479,4/23/2012,2,1,4,0,1,1,2,0.321667,0.301125,0.766667,0.303496,195,1,3019,2,3214,2,0,0,1,0,0,0,0,0,0,0,0,0,0,0
480,4/24/2012,2,1,4,0,2,1,1,0.413333,0.405283,0.454167,0.249383,518,2,5115,4,5633,3,0,0,0,0,0,0,0,1,0,0,0,0,0,0
481,4/25/2012,2,1,4,0,3,1,1,0.476667,0.470317,0.427917,0.118792,655,2,5541,4,6196,4,0,0,0,0,0,0,0,1,0,0,0,0,0,0
482,4/26/2012,2,1,4,0,4,1,2,0.498333,0.483583,0.756667,0.176625,475,2,4551,3,5026,3,0,0,0,0,0,0,1,0,0,0,0,0,0,0
483,4/27/2012,2,1,4,0,5,1,1,0.4575,0.452637,0.400833,0.347633,1014,3,5219,4,6233,4,0,0,0,0,0,0,0,0,0,0,0,1,0,0
484,4/28/2012,2,1,4,0,6,0,2,0.376667,0.377504,0.489583,0.129975,1120,4,3100,2,4220,2,0,0,0,0,0,0,0,0,0,0,0,0,1,0
485,4/29/2012,2,1,4,0,0,0,1,0.458333,0.450121,0.587083,0.116908,2229,4,4075,3,6304,4,0,0,0,0,0,0,0,0,0,0,0,0,0,1
486,4/30/2012,2,1,4,0,1,1,2,0.464167,0.457696,0.57,0.171638,665,2,4907,4,5572,3,0,0,0,0,0,0,0,1,0,0,0,0,0,0
487,5/1/2012,2,1,5,0,2,1,2,0.613333,0.577021,0.659583,0.156096,653,2,5087,4,5740,3,0,0,0,0,0,0,0,1,0,0,0,0,0,0
488,5/2/2012,2,1,5,0,3,1,1,0.564167,0.537896,0.797083,0.138058,667,2,5502,4,6169,4,0,0,0,0,0,0,0,1,0,0,0,0,0,0
489,5/3/2012,2,1,5,0,4,1,2,0.56,0.537242,0.768333,0.133696,764,3,5657,4,6421,4,0,0,0,0,0,0,0,0,0,0,0,1,0,0
490,5/4/2012,2,1,5,0,5,1,1,0.6275,0.590917,0.735417,0.162938,1069,3,5227,4,6296,4,0,0,0,0,0,0,0,0,0,0,0,1,0,0
491,5/5/2012,2,1,5,0,6,0,2,0.621667,0.584608,0.756667,0.152992,2496,4,4387,3,6883,4,0,0,0,0,0,0,0,0,0,0,0,0,0,1
492,5/6/2012,2,1,5,0,0,0,2,0.5625,0.546737,0.74,0.149879,2135,4,4224,3,6359,4,0,0,0,0,0,0,0,0,0,0,0,0,0,1
493,5/7/2012,2,1,5,0,1,1,2,0.5375,0.527142,0.664167,0.230721,1008,3,5265,4,6273,4,0,0,0,0,0,0,0,0,0,0,0,1,0,0
494,5/8/2012,2,1,5,0,2,1,2,0.581667,0.557471,0.685833,0.296029,738,3,4990,4,5728,3,0,0,0,0,0,0,0,0,0,0,0,1,0,0
495,5/9/2012,2,1,5,0,3,1,2,0.575,0.553025,0.744167,0.216412,620,2,4097,3,4717,3,0,0,0,0,0,0,1,0,0,0,0,0,0,0
496,5/10/2012,2,1,5,0,4,1,1,0.505833,0.491783,0.552083,0.314063,1026,3,5546,4,6572,4,0,0,0,0,0,0,0,0,0,0,0,1,0,0
497,5/11/2012,2,1,5,0,5,1,1,0.533333,0.520833,0.360417,0.236937,1319,4,5711,4,7030,4,0,1,0,0,0,0,0,0,0,0,0,0,0,0
498,5/12/2012,2,1,5,0,6,0,1,0.564167,0.544817,0.480417,0.123133,2622,4,4807,4,7429,4,0,1,0,0,0,0,0,0,0,0,0,0,0,0
499,5/13/2012,2,1,5,0,0,0,1,0.6125,0.585238,0.57625,0.225117,2172,4,3946,3,6118,4,0,0,0,0,0,0,0,0,0,0,0,0,0,1
500,5/14/2012,2,1,5,0,1,1,2,0.573333,0.5499,0.789583,0.212692,342,2,2501,2,2843,1,0,0,0,0,0,1,0,0,0,0,0,0,0,0
501,5/15/2012,2,1,5,0,2,1,2,0.611667,0.576404,0.794583,0.147392,625,2,4490,3,5115,3,0,0,0,0,0,0,1,0,0,0,0,0,0,0
502,5/16/2012,2,1,5,0,3,1,1,0.636667,0.595975,0.697917,0.122512,991,3,6433,4,7424,4,0,0,0,0,0,0,0,0,0,0,0,1,0,0
503,5/17/2012,2,1,5,0,4,1,1,0.593333,0.572613,0.52,0.229475,1242,4,6142,4,7384,4,0,1,0,0,0,0,0,0,0,0,0,0,0,0
504,5/18/2012,2,1,5,0,5,1,1,0.564167,0.551121,0.523333,0.136817,1521,4,6118,4,7639,4,0,1,0,0,0,0,0,0,0,0,0,0,0,0
505,5/19/2012,2,1,5,0,6,0,1,0.6,0.566908,0.45625,0.083975,3410,4,4884,4,8294,4,0,1,0,0,0,0,0,0,0,0,0,0,0,0
506,5/20/2012,2,1,5,0,0,0,1,0.620833,0.583967,0.530417,0.254367,2704,4,4425,3,7129,4,0,0,0,0,0,0,0,0,0,0,0,0,0,1
507,5/21/2012,2,1,5,0,1,1,2,0.598333,0.565667,0.81125,0.233204,630,2,3729,3,4359,2,0,0,0,0,0,0,1,0,0,0,0,0,0,0
508,5/22/2012,2,1,5,0,2,1,2,0.615,0.580825,0.765833,0.118167,819,3,5254,4,6073,4,0,0,0,0,0,0,0,0,0,0,0,1,0,0
509,5/23/2012,2,1,5,0,3,1,2,0.621667,0.584612,0.774583,0.102,766,3,4494,3,5260,3,0,0,0,0,0,0,0,0,0,0,1,0,0,0
510,5/24/2012,2,1,5,0,4,1,1,0.655,0.6067,0.716667,0.172896,1059,3,5711,4,6770,4,0,0,0,0,0,0,0,0,0,0,0,1,0,0
511,5/25/2012,2,1,5,0,5,1,1,0.68,0.627529,0.747083,0.14055,1417,4,5317,4,6734,4,0,1,0,0,0,0,0,0,0,0,0,0,0,0
512,5/26/2012,2,1,5,0,6,0,1,0.6925,0.642696,0.7325,0.198992,2855,4,3681,3,6536,4,0,0,0,0,0,0,0,0,0,0,0,0,0,1
513,5/27/2012,2,1,5,0,0,0,1,0.69,0.641425,0.697083,0.215171,3283,4,3308,2,6591,4,0,0,0,0,0,0,0,0,0,0,0,0,1,0
514,5/28/2012,2,1,5,1,1,0,1,0.7125,0.6793,0.67625,0.196521,2557,4,3486,2,6043,4,0,0,0,0,0,0,0,0,0,0,0,0,1,0
515,5/29/2012,2,1,5,0,2,1,1,0.7225,0.672992,0.684583,0.2954,880,3,4863,4,5743,3,0,0,0,0,0,0,0,0,0,0,0,1,0,0
516,5/30/2012,2,1,5,0,3,1,2,0.656667,0.611129,0.67,0.134329,745,3,6110,4,6855,4,0,0,0,0,0,0,0,0,0,0,0,1,0,0
517,5/31/2012,2,1,5,0,4,1,1,0.68,0.631329,0.492917,0.195279,1100,4,6238,4,7338,4,0,1,0,0,0,0,0,0,0,0,0,0,0,0
518,6/1/2012,2,1,6,0,5,1,2,0.654167,0.607962,0.755417,0.237563,533,2,3594,2,4127,2,0,0,0,0,0,1,0,0,0,0,0,0,0,0
519,6/2/2012,2,1,6,0,6,0,1,0.583333,0.566288,0.549167,0.186562,2795,4,5325,4,8120,4,0,1,0,0,0,0,0,0,0,0,0,0,0,0
520,6/3/2012,2,1,6,0,0,0,1,0.6025,0.575133,0.493333,0.184087,2494,4,5147,4,7641,4,0,1,0,0,0,0,0,0,0,0,0,0,0,0
521,6/4/2012,2,1,6,0,1,1,1,0.5975,0.578283,0.487083,0.284833,1071,3,5927,4,6998,4,0,0,0,0,0,0,0,0,0,0,0,1,0,0
522,6/5/2012,2,1,6,0,2,1,2,0.540833,0.525892,0.613333,0.209575,968,3,6033,4,7001,4,0,0,0,0,0,0,0,0,0,0,0,1,0,0
523,6/6/2012,2,1,6,0,3,1,1,0.554167,0.542292,0.61125,0.077125,1027,3,6028,4,7055,4,0,0,0,0,0,0,0,0,0,0,0,1,0,0
524,6/7/2012,2,1,6,0,4,1,1,0.6025,0.569442,0.567083,0.15735,1038,3,6456,4,7494,4,0,0,0,0,0,0,0,0,0,0,0,1,0,0
525,6/8/2012,2,1,6,0,5,1,1,0.649167,0.597862,0.467917,0.175383,1488,4,6248,4,7736,4,0,1,0,0,0,0,0,0,0,0,0,0,0,0
526,6/9/2012,2,1,6,0,6,0,1,0.710833,0.648367,0.437083,0.144287,2708,4,4790,4,7498,4,0,1,0,0,0,0,0,0,0,0,0,0,0,0
527,6/10/2012,2,1,6,0,0,0,1,0.726667,0.663517,0.538333,0.133721,2224,4,4374,3,6598,4,0,0,0,0,0,0,0,0,0,0,0,0,0,1
528,6/11/2012,2,1,6,0,1,1,2,0.720833,0.659721,0.587917,0.207713,1017,3,5647,4,6664,4,0,0,0,0,0,0,0,0,0,0,0,1,0,0
529,6/12/2012,2,1,6,0,2,1,2,0.653333,0.597875,0.833333,0.214546,477,2,4495,3,4972,3,0,0,0,0,0,0,1,0,0,0,0,0,0,0
530,6/13/2012,2,1,6,0,3,1,1,0.655833,0.611117,0.582083,0.343279,1173,4,6248,4,7421,4,0,1,0,0,0,0,0,0,0,0,0,0,0,0
531,6/14/2012,2,1,6,0,4,1,1,0.648333,0.624383,0.569583,0.253733,1180,4,6183,4,7363,4,0,1,0,0,0,0,0,0,0,0,0,0,0,0
532,6/15/2012,2,1,6,0,5,1,1,0.639167,0.599754,0.589583,0.176617,1563,4,6102,4,7665,4,0,1,0,0,0,0,0,0,0,0,0,0,0,0
533,6/16/2012,2,1,6,0,6,0,1,0.631667,0.594708,0.504167,0.166667,2963,4,4739,3,7702,4,0,0,0,0,0,0,0,0,0,0,0,0,0,1
534,6/17/2012,2,1,6,0,0,0,1,0.5925,0.571975,0.59875,0.144904,2634,4,4344,3,6978,4,0,0,0,0,0,0,0,0,0,0,0,0,0,1
535,6/18/2012,2,1,6,0,1,1,2,0.568333,0.544842,0.777917,0.174746,653,2,4446,3,5099,3,0,0,0,0,0,0,1,0,0,0,0,0,0,0
536,6/19/2012,2,1,6,0,2,1,1,0.688333,0.654692,0.69,0.148017,968,3,5857,4,6825,4,0,0,0,0,0,0,0,0,0,0,0,1,0,0
537,6/20/2012,2,1,6,0,3,1,1,0.7825,0.720975,0.592083,0.113812,872,3,5339,4,6211,4,0,0,0,0,0,0,0,0,0,0,0,1,0,0
538,6/21/2012,3,1,6,0,4,1,1,0.805833,0.752542,0.567917,0.118787,778,3,5127,4,5905,3,0,0,0,0,0,0,0,0,0,0,0,1,0,0
539,6/22/2012,3,1,6,0,5,1,1,0.7775,0.724121,0.57375,0.182842,964,3,4859,4,5823,3,0,0,0,0,0,0,0,0,0,0,0,1,0,0
540,6/23/2012,3,1,6,0,6,0,1,0.731667,0.652792,0.534583,0.179721,2657,4,4801,4,7458,4,0,1,0,0,0,0,0,0,0,0,0,0,0,0
541,6/24/2012,3,1,6,0,0,0,1,0.743333,0.674254,0.479167,0.145525,2551,4,4340,3,6891,4,0,0,0,0,0,0,0,0,0,0,0,0,0,1
542,6/25/2012,3,1,6,0,1,1,1,0.715833,0.654042,0.504167,0.300383,1139,4,5640,4,6779,4,0,1,0,0,0,0,0,0,0,0,0,0,0,0
543,6/26/2012,3,1,6,0,2,1,1,0.630833,0.594704,0.373333,0.347642,1077,3,6365,4,7442,4,0,0,0,0,0,0,0,0,0,0,0,1,0,0
544,6/27/2012,3,1,6,0,3,1,1,0.6975,0.640792,0.36,0.271775,1077,3,6258,4,7335,4,0,0,0,0,0,0,0,0,0,0,0,1,0,0
545,6/28/2012,3,1,6,0,4,1,1,0.749167,0.675512,0.4225,0.17165,921,3,5958,4,6879,4,0,0,0,0,0,0,0,0,0,0,0,1,0,0
546,6/29/2012,3,1,6,0,5,1,1,0.834167,0.786613,0.48875,0.165417,829,3,4634,3,5463,3,0,0,0,0,0,0,0,0,0,0,1,0,0,0
547,6/30/2012,3,1,6,0,6,0,1,0.765,0.687508,0.60125,0.161071,1455,4,4232,3,5687,3,0,0,0,0,0,0,0,0,0,0,0,0,0,1
548,7/1/2012,3,1,7,0,0,0,1,0.815833,0.750629,0.51875,0.168529,1421,4,4110,3,5531,3,0,0,0,0,0,0,0,0,0,0,0,0,0,1
549,7/2/2012,3,1,7,0,1,1,1,0.781667,0.702038,0.447083,0.195267,904,3,5323,4,6227,4,0,0,0,0,0,0,0,0,0,0,0,1,0,0
550,7/3/2012,3,1,7,0,2,1,1,0.780833,0.70265,0.492083,0.126237,1052,3,5608,4,6660,4,0,0,0,0,0,0,0,0,0,0,0,1,0,0
551,7/4/2012,3,1,7,1,3,0,1,0.789167,0.732337,0.53875,0.13495,2562,4,4841,4,7403,4,0,1,0,0,0,0,0,0,0,0,0,0,0,0
552,7/5/2012,3,1,7,0,4,1,1,0.8275,0.761367,0.457917,0.194029,1405,4,4836,4,6241,4,0,1,0,0,0,0,0,0,0,0,0,0,0,0
553,7/6/2012,3,1,7,0,5,1,1,0.828333,0.752533,0.450833,0.146142,1366,4,4841,4,6207,4,0,1,0,0,0,0,0,0,0,0,0,0,0,0
554,7/7/2012,3,1,7,0,6,0,1,0.861667,0.804913,0.492083,0.163554,1448,4,3392,2,4840,3,0,0,0,0,0,0,0,0,0,0,0,0,1,0
555,7/8/2012,3,1,7,0,0,0,1,0.8225,0.790396,0.57375,0.125629,1203,4,3469,2,4672,3,0,0,0,0,0,0,0,0,0,0,0,0,1,0
556,7/9/2012,3,1,7,0,1,1,2,0.710833,0.654054,0.683333,0.180975,998,3,5571,4,6569,4,0,0,0,0,0,0,0,0,0,0,0,1,0,0
557,7/10/2012,3,1,7,0,2,1,2,0.720833,0.664796,0.6675,0.151737,954,3,5336,4,6290,4,0,0,0,0,0,0,0,0,0,0,0,1,0,0
558,7/11/2012,3,1,7,0,3,1,1,0.716667,0.650271,0.633333,0.151733,975,3,6289,4,7264,4,0,0,0,0,0,0,0,0,0,0,0,1,0,0
559,7/12/2012,3,1,7,0,4,1,1,0.715833,0.654683,0.529583,0.146775,1032,3,6414,4,7446,4,0,0,0,0,0,0,0,0,0,0,0,1,0,0
560,7/13/2012,3,1,7,0,5,1,2,0.731667,0.667933,0.485833,0.08085,1511,4,5988,4,7499,4,0,1,0,0,0,0,0,0,0,0,0,0,0,0
561,7/14/2012,3,1,7,0,6,0,2,0.703333,0.666042,0.699167,0.143679,2355,4,4614,3,6969,4,0,0,0,0,0,0,0,0,0,0,0,0,0,1
562,7/15/2012,3,1,7,0,0,0,1,0.745833,0.705196,0.717917,0.166667,1920,4,4111,3,6031,4,0,0,0,0,0,0,0,0,0,0,0,0,0,1
563,7/16/2012,3,1,7,0,1,1,1,0.763333,0.724125,0.645,0.164187,1088,3,5742,4,6830,4,0,0,0,0,0,0,0,0,0,0,0,1,0,0
564,7/17/2012,3,1,7,0,2,1,1,0.818333,0.755683,0.505833,0.114429,921,3,5865,4,6786,4,0,0,0,0,0,0,0,0,0,0,0,1,0,0
565,7/18/2012,3,1,7,0,3,1,1,0.793333,0.745583,0.577083,0.137442,799,3,4914,4,5713,3,0,0,0,0,0,0,0,0,0,0,0,1,0,0
566,7/19/2012,3,1,7,0,4,1,1,0.77,0.714642,0.600417,0.165429,888,3,5703,4,6591,4,0,0,0,0,0,0,0,0,0,0,0,1,0,0
567,7/20/2012,3,1,7,0,5,1,2,0.665833,0.613025,0.844167,0.208967,747,3,5123,4,5870,3,0,0,0,0,0,0,0,0,0,0,0,1,0,0
568,7/21/2012,3,1,7,0,6,0,3,0.595833,0.549912,0.865417,0.2133,1264,4,3195,2,4459,2,0,0,0,0,0,0,0,0,0,0,0,0,1,0
569,7/22/2012,3,1,7,0,0,0,2,0.6675,0.623125,0.7625,0.0939208,2544,4,4866,4,7410,4,0,1,0,0,0,0,0,0,0,0,0,0,0,0
570,7/23/2012,3,1,7,0,1,1,1,0.741667,0.690017,0.694167,0.138683,1135,4,5831,4,6966,4,0,1,0,0,0,0,0,0,0,0,0,0,0,0
571,7/24/2012,3,1,7,0,2,1,1,0.750833,0.70645,0.655,0.211454,1140,4,6452,4,7592,4,0,1,0,0,0,0,0,0,0,0,0,0,0,0
572,7/25/2012,3,1,7,0,3,1,1,0.724167,0.654054,0.45,0.1648,1383,4,6790,4,8173,4,0,1,0,0,0,0,0,0,0,0,0,0,0,0
573,7/26/2012,3,1,7,0,4,1,1,0.776667,0.739263,0.596667,0.284813,1036,3,5825,4,6861,4,0,0,0,0,0,0,0,0,0,0,0,1,0,0
574,7/27/2012,3,1,7,0,5,1,1,0.781667,0.734217,0.594583,0.152992,1259,4,5645,4,6904,4,0,1,0,0,0,0,0,0,0,0,0,0,0,0
575,7/28/2012,3,1,7,0,6,0,1,0.755833,0.697604,0.613333,0.15735,2234,4,4451,3,6685,4,0,0,0,0,0,0,0,0,0,0,0,0,0,1
576,7/29/2012,3,1,7,0,0,0,1,0.721667,0.667933,0.62375,0.170396,2153,4,4444,3,6597,4,0,0,0,0,0,0,0,0,0,0,0,0,0,1
577,7/30/2012,3,1,7,0,1,1,1,0.730833,0.684987,0.66875,0.153617,1040,3,6065,4,7105,4,0,0,0,0,0,0,0,0,0,0,0,1,0,0
578,7/31/2012,3,1,7,0,2,1,1,0.713333,0.662896,0.704167,0.165425,968,3,6248,4,7216,4,0,0,0,0,0,0,0,0,0,0,0,1,0,0
579,8/1/2012,3,1,8,0,3,1,1,0.7175,0.667308,0.6775,0.141179,1074,3,6506,4,7580,4,0,0,0,0,0,0,0,0,0,0,0,1,0,0
580,8/2/2012,3,1,8,0,4,1,1,0.7525,0.707088,0.659583,0.129354,983,3,6278,4,7261,4,0,0,0,0,0,0,0,0,0,0,0,1,0,0
581,8/3/2012,3,1,8,0,5,1,2,0.765833,0.722867,0.6425,0.215792,1328,4,5847,4,7175,4,0,1,0,0,0,0,0,0,0,0,0,0,0,0
582,8/4/2012,3,1,8,0,6,0,1,0.793333,0.751267,0.613333,0.257458,2345,4,4479,3,6824,4,0,0,0,0,0,0,0,0,0,0,0,0,0,1
583,8/5/2012,3,1,8,0,0,0,1,0.769167,0.731079,0.6525,0.290421,1707,4,3757,3,5464,3,0,0,0,0,0,0,0,0,0,0,0,0,0,1
584,8/6/2012,3,1,8,0,1,1,2,0.7525,0.710246,0.654167,0.129354,1233,4,5780,4,7013,4,0,1,0,0,0,0,0,0,0,0,0,0,0,0
585,8/7/2012,3,1,8,0,2,1,2,0.735833,0.697621,0.70375,0.116908,1278,4,5995,4,7273,4,0,1,0,0,0,0,0,0,0,0,0,0,0,0
586,8/8/2012,3,1,8,0,3,1,2,0.75,0.707717,0.672917,0.1107,1263,4,6271,4,7534,4,0,1,0,0,0,0,0,0,0,0,0,0,0,0
587,8/9/2012,3,1,8,0,4,1,1,0.755833,0.699508,0.620417,0.1561,1196,4,6090,4,7286,4,0,1,0,0,0,0,0,0,0,0,0,0,0,0
588,8/10/2012,3,1,8,0,5,1,2,0.715833,0.667942,0.715833,0.238813,1065,3,4721,3,5786,3,0,0,0,0,0,0,0,0,0,0,1,0,0,0
589,8/11/2012,3,1,8,0,6,0,2,0.6925,0.638267,0.732917,0.206479,2247,4,4052,3,6299,4,0,0,0,0,0,0,0,0,0,0,0,0,0,1
590,8/12/2012,3,1,8,0,0,0,1,0.700833,0.644579,0.530417,0.122512,2182,4,4362,3,6544,4,0,0,0,0,0,0,0,0,0,0,0,0,0,1
591,8/13/2012,3,1,8,0,1,1,1,0.720833,0.662254,0.545417,0.136212,1207,4,5676,4,6883,4,0,1,0,0,0,0,0,0,0,0,0,0,0,0
592,8/14/2012,3,1,8,0,2,1,1,0.726667,0.676779,0.686667,0.169158,1128,4,5656,4,6784,4,0,1,0,0,0,0,0,0,0,0,0,0,0,0
593,8/15/2012,3,1,8,0,3,1,1,0.706667,0.654037,0.619583,0.169771,1198,4,6149,4,7347,4,0,1,0,0,0,0,0,0,0,0,0,0,0,0
594,8/16/2012,3,1,8,0,4,1,1,0.719167,0.654688,0.519167,0.141796,1338,4,6267,4,7605,4,0,1,0,0,0,0,0,0,0,0,0,0,0,0
595,8/17/2012,3,1,8,0,5,1,1,0.723333,0.2424,0.570833,0.231354,1483,4,5665,4,7148,4,0,1,0,0,0,0,0,0,0,0,0,0,0,0
596,8/18/2012,3,1,8,0,6,0,1,0.678333,0.618071,0.603333,0.177867,2827,4,5038,4,7865,4,0,1,0,0,0,0,0,0,0,0,0,0,0,0
597,8/19/2012,3,1,8,0,0,0,2,0.635833,0.603554,0.711667,0.08645,1208,4,3341,2,4549,3,0,0,0,0,0,0,0,0,0,0,0,0,1,0
598,8/20/2012,3,1,8,0,1,1,2,0.635833,0.595967,0.734167,0.129979,1026,3,5504,4,6530,4,0,0,0,0,0,0,0,0,0,0,0,1,0,0
599,8/21/2012,3,1,8,0,2,1,1,0.649167,0.601025,0.67375,0.0727708,1081,3,5925,4,7006,4,0,0,0,0,0,0,0,0,0,0,0,1,0,0
600,8/22/2012,3,1,8,0,3,1,1,0.6675,0.621854,0.677083,0.0702833,1094,3,6281,4,7375,4,0,0,0,0,0,0,0,0,0,0,0,1,0,0
601,8/23/2012,3,1,8,0,4,1,1,0.695833,0.637008,0.635833,0.0845958,1363,4,6402,4,7765,4,0,1,0,0,0,0,0,0,0,0,0,0,0,0
602,8/24/2012,3,1,8,0,5,1,2,0.7025,0.6471,0.615,0.0721458,1325,4,6257,4,7582,4,0,1,0,0,0,0,0,0,0,0,0,0,0,0
603,8/25/2012,3,1,8,0,6,0,2,0.661667,0.618696,0.712917,0.244408,1829,4,4224,3,6053,4,0,0,0,0,0,0,0,0,0,0,0,0,0,1
604,8/26/2012,3,1,8,0,0,0,2,0.653333,0.595996,0.845833,0.228858,1483,4,3772,3,5255,3,0,0,0,0,0,0,0,0,0,0,0,0,0,1
605,8/27/2012,3,1,8,0,1,1,1,0.703333,0.654688,0.730417,0.128733,989,3,5928,4,6917,4,0,0,0,0,0,0,0,0,0,0,0,1,0,0
606,8/28/2012,3,1,8,0,2,1,1,0.728333,0.66605,0.62,0.190925,935,3,6105,4,7040,4,0,0,0,0,0,0,0,0,0,0,0,1,0,0
607,8/29/2012,3,1,8,0,3,1,1,0.685,0.635733,0.552083,0.112562,1177,4,6520,4,7697,4,0,1,0,0,0,0,0,0,0,0,0,0,0,0
608,8/30/2012,3,1,8,0,4,1,1,0.706667,0.652779,0.590417,0.0771167,1172,4,6541,4,7713,4,0,1,0,0,0,0,0,0,0,0,0,0,0,0
609,8/31/2012,3,1,8,0,5,1,1,0.764167,0.6894,0.5875,0.168533,1433,4,5917,4,7350,4,0,1,0,0,0,0,0,0,0,0,0,0,0,0
610,9/1/2012,3,1,9,0,6,0,2,0.753333,0.702654,0.638333,0.113187,2352,4,3788,3,6140,4,0,0,0,0,0,0,0,0,0,0,0,0,0,1
611,9/2/2012,3,1,9,0,0,0,2,0.696667,0.649,0.815,0.0640708,2613,4,3197,2,5810,3,0,0,0,0,0,0,0,0,0,0,0,0,1,0
612,9/3/2012,3,1,9,1,1,0,1,0.7075,0.661629,0.790833,0.151121,1965,4,4069,3,6034,4,0,0,0,0,0,0,0,0,0,0,0,0,0,1
613,9/4/2012,3,1,9,0,2,1,1,0.725833,0.686888,0.755,0.236321,867,3,5997,4,6864,4,0,0,0,0,0,0,0,0,0,0,0,1,0,0
614,9/5/2012,3,1,9,0,3,1,1,0.736667,0.708983,0.74125,0.187808,832,3,6280,4,7112,4,0,0,0,0,0,0,0,0,0,0,0,1,0,0
615,9/6/2012,3,1,9,0,4,1,2,0.696667,0.655329,0.810417,0.142421,611,2,5592,4,6203,4,0,0,0,0,0,0,0,1,0,0,0,0,0,0
616,9/7/2012,3,1,9,0,5,1,1,0.703333,0.657204,0.73625,0.171646,1045,3,6459,4,7504,4,0,0,0,0,0,0,0,0,0,0,0,1,0,0
617,9/8/2012,3,1,9,0,6,0,2,0.659167,0.611121,0.799167,0.281104,1557,4,4419,3,5976,4,0,0,0,0,0,0,0,0,0,0,0,0,0,1
618,9/9/2012,3,1,9,0,0,0,1,0.61,0.578925,0.5475,0.224496,2570,4,5657,4,8227,4,0,1,0,0,0,0,0,0,0,0,0,0,0,0
619,9/10/2012,3,1,9,0,1,1,1,0.583333,0.565654,0.50375,0.258713,1118,4,6407,4,7525,4,0,1,0,0,0,0,0,0,0,0,0,0,0,0
620,9/11/2012,3,1,9,0,2,1,1,0.5775,0.554292,0.52,0.0920542,1070,3,6697,4,7767,4,0,0,0,0,0,0,0,0,0,0,0,1,0,0
621,9/12/2012,3,1,9,0,3,1,1,0.599167,0.570075,0.577083,0.131846,1050,3,6820,4,7870,4,0,0,0,0,0,0,0,0,0,0,0,1,0,0
622,9/13/2012,3,1,9,0,4,1,1,0.6125,0.579558,0.637083,0.0827208,1054,3,6750,4,7804,4,0,0,0,0,0,0,0,0,0,0,0,1,0,0
623,9/14/2012,3,1,9,0,5,1,1,0.633333,0.594083,0.6725,0.103863,1379,4,6630,4,8009,4,0,1,0,0,0,0,0,0,0,0,0,0,0,0
624,9/15/2012,3,1,9,0,6,0,1,0.608333,0.585867,0.501667,0.247521,3160,4,5554,4,8714,4,0,1,0,0,0,0,0,0,0,0,0,0,0,0
625,9/16/2012,3,1,9,0,0,0,1,0.58,0.563125,0.57,0.0901833,2166,4,5167,4,7333,4,0,1,0,0,0,0,0,0,0,0,0,0,0,0
626,9/17/2012,3,1,9,0,1,1,2,0.580833,0.55305,0.734583,0.151742,1022,3,5847,4,6869,4,0,0,0,0,0,0,0,0,0,0,0,1,0,0
627,9/18/2012,3,1,9,0,2,1,2,0.623333,0.565067,0.8725,0.357587,371,2,3702,3,4073,2,0,0,0,0,0,0,1,0,0,0,0,0,0,0
628,9/19/2012,3,1,9,0,3,1,1,0.5525,0.540404,0.536667,0.215175,788,3,6803,4,7591,4,0,0,0,0,0,0,0,0,0,0,0,1,0,0
629,9/20/2012,3,1,9,0,4,1,1,0.546667,0.532192,0.618333,0.118167,939,3,6781,4,7720,4,0,0,0,0,0,0,0,0,0,0,0,1,0,0
630,9/21/2012,3,1,9,0,5,1,1,0.599167,0.571971,0.66875,0.154229,1250,4,6917,4,8167,4,0,1,0,0,0,0,0,0,0,0,0,0,0,0
631,9/22/2012,3,1,9,0,6,0,1,0.65,0.610488,0.646667,0.283583,2512,4,5883,4,8395,4,0,1,0,0,0,0,0,0,0,0,0,0,0,0
632,9/23/2012,4,1,9,0,0,0,1,0.529167,0.518933,0.467083,0.223258,2454,4,5453,4,7907,4,0,1,0,0,0,0,0,0,0,0,0,0,0,0
633,9/24/2012,4,1,9,0,1,1,1,0.514167,0.502513,0.492917,0.142404,1001,3,6435,4,7436,4,0,0,0,0,0,0,0,0,0,0,0,1,0,0
634,9/25/2012,4,1,9,0,2,1,1,0.55,0.544179,0.57,0.236321,845,3,6693,4,7538,4,0,0,0,0,0,0,0,0,0,0,0,1,0,0
635,9/26/2012,4,1,9,0,3,1,1,0.635,0.596613,0.630833,0.2444,787,3,6946,4,7733,4,0,0,0,0,0,0,0,0,0,0,0,1,0,0
636,9/27/2012,4,1,9,0,4,1,2,0.65,0.607975,0.690833,0.134342,751,3,6642,4,7393,4,0,0,0,0,0,0,0,0,0,0,0,1,0,0
637,9/28/2012,4,1,9,0,5,1,2,0.619167,0.585863,0.69,0.164179,1045,3,6370,4,7415,4,0,0,0,0,0,0,0,0,0,0,0,1,0,0
638,9/29/2012,4,1,9,0,6,0,1,0.5425,0.530296,0.542917,0.227604,2589,4,5966,4,8555,4,0,1,0,0,0,0,0,0,0,0,0,0,0,0
639,9/30/2012,4,1,9,0,0,0,1,0.526667,0.517663,0.583333,0.134958,2015,4,4874,4,6889,4,0,1,0,0,0,0,0,0,0,0,0,0,0,0
640,10/1/2012,4,1,10,0,1,1,2,0.520833,0.512,0.649167,0.0908042,763,3,6015,4,6778,4,0,0,0,0,0,0,0,0,0,0,0,1,0,0
641,10/2/2012,4,1,10,0,2,1,3,0.590833,0.542333,0.871667,0.104475,315,1,4324,3,4639,3,0,0,0,1,0,0,0,0,0,0,0,0,0,0
642,10/3/2012,4,1,10,0,3,1,2,0.6575,0.599133,0.79375,0.0665458,728,3,6844,4,7572,4,0,0,0,0,0,0,0,0,0,0,0,1,0,0
643,10/4/2012,4,1,10,0,4,1,2,0.6575,0.607975,0.722917,0.117546,891,3,6437,4,7328,4,0,0,0,0,0,0,0,0,0,0,0,1,0,0
644,10/5/2012,4,1,10,0,5,1,1,0.615,0.580187,0.6275,0.10635,1516,4,6640,4,8156,4,0,1,0,0,0,0,0,0,0,0,0,0,0,0
645,10/6/2012,4,1,10,0,6,0,1,0.554167,0.538521,0.664167,0.268025,3031,4,4934,4,7965,4,0,1,0,0,0,0,0,0,0,0,0,0,0,0
646,10/7/2012,4,1,10,0,0,0,2,0.415833,0.419813,0.708333,0.141162,781,3,2729,2,3510,2,0,0,0,0,0,0,0,0,0,1,0,0,0,0
647,10/8/2012,4,1,10,1,1,0,2,0.383333,0.387608,0.709583,0.189679,874,3,4604,3,5478,3,0,0,0,0,0,0,0,0,0,0,1,0,0,0
648,10/9/2012,4,1,10,0,2,1,2,0.446667,0.438112,0.761667,0.1903,601,2,5791,4,6392,4,0,0,0,0,0,0,0,1,0,0,0,0,0,0
649,10/10/2012,4,1,10,0,3,1,1,0.514167,0.503142,0.630833,0.187821,780,3,6911,4,7691,4,0,0,0,0,0,0,0,0,0,0,0,1,0,0
650,10/11/2012,4,1,10,0,4,1,1,0.435,0.431167,0.463333,0.181596,834,3,6736,4,7570,4,0,0,0,0,0,0,0,0,0,0,0,1,0,0
651,10/12/2012,4,1,10,0,5,1,1,0.4375,0.433071,0.539167,0.235092,1060,3,6222,4,7282,4,0,0,0,0,0,0,0,0,0,0,0,1,0,0
652,10/13/2012,4,1,10,0,6,0,1,0.393333,0.391396,0.494583,0.146142,2252,4,4857,4,7109,4,0,1,0,0,0,0,0,0,0,0,0,0,0,0
653,10/14/2012,4,1,10,0,0,0,1,0.521667,0.508204,0.640417,0.278612,2080,4,4559,3,6639,4,0,0,0,0,0,0,0,0,0,0,0,0,0,1
654,10/15/2012,4,1,10,0,1,1,2,0.561667,0.53915,0.7075,0.296037,760,3,5115,4,5875,3,0,0,0,0,0,0,0,0,0,0,0,1,0,0
655,10/16/2012,4,1,10,0,2,1,1,0.468333,0.460846,0.558333,0.182221,922,3,6612,4,7534,4,0,0,0,0,0,0,0,0,0,0,0,1,0,0
656,10/17/2012,4,1,10,0,3,1,1,0.455833,0.450108,0.692917,0.101371,979,3,6482,4,7461,4,0,0,0,0,0,0,0,0,0,0,0,1,0,0
657,10/18/2012,4,1,10,0,4,1,2,0.5225,0.512625,0.728333,0.236937,1008,3,6501,4,7509,4,0,0,0,0,0,0,0,0,0,0,0,1,0,0
658,10/19/2012,4,1,10,0,5,1,2,0.563333,0.537896,0.815,0.134954,753,3,4671,3,5424,3,0,0,0,0,0,0,0,0,0,0,1,0,0,0
659,10/20/2012,4,1,10,0,6,0,1,0.484167,0.472842,0.572917,0.117537,2806,4,5284,4,8090,4,0,1,0,0,0,0,0,0,0,0,0,0,0,0
660,10/21/2012,4,1,10,0,0,0,1,0.464167,0.456429,0.51,0.166054,2132,4,4692,3,6824,4,0,0,0,0,0,0,0,0,0,0,0,0,0,1
661,10/22/2012,4,1,10,0,1,1,1,0.4875,0.482942,0.568333,0.0814833,830,3,6228,4,7058,4,0,0,0,0,0,0,0,0,0,0,0,1,0,0
662,10/23/2012,4,1,10,0,2,1,1,0.544167,0.530304,0.641667,0.0945458,841,3,6625,4,7466,4,0,0,0,0,0,0,0,0,0,0,0,1,0,0
663,10/24/2012,4,1,10,0,3,1,1,0.5875,0.558721,0.63625,0.0727792,795,3,6898,4,7693,4,0,0,0,0,0,0,0,0,0,0,0,1,0,0
664,10/25/2012,4,1,10,0,4,1,2,0.55,0.529688,0.800417,0.124375,875,3,6484,4,7359,4,0,0,0,0,0,0,0,0,0,0,0,1,0,0
665,10/26/2012,4,1,10,0,5,1,2,0.545833,0.52275,0.807083,0.132467,1182,4,6262,4,7444,4,0,1,0,0,0,0,0,0,0,0,0,0,0,0
666,10/27/2012,4,1,10,0,6,0,2,0.53,0.515133,0.72,0.235692,2643,4,5209,4,7852,4,0,1,0,0,0,0,0,0,0,0,0,0,0,0
667,10/28/2012,4,1,10,0,0,0,2,0.4775,0.467771,0.694583,0.398008,998,3,3461,2,4459,2,0,0,0,0,0,0,0,0,0,1,0,0,0,0
668,10/29/2012,4,1,10,0,1,1,3,0.44,0.4394,0.88,0.3582,2,1,20,1,22,1,0,0,0,0,0,0,0,0,0,0,0,0,0,0
669,10/30/2012,4,1,10,0,2,1,2,0.318182,0.309909,0.825455,0.213009,87,1,1009,1,1096,1,0,0,0,0,0,0,0,0,0,0,0,0,0,0
670,10/31/2012,4,1,10,0,3,1,2,0.3575,0.3611,0.666667,0.166667,419,2,5147,4,5566,3,0,0,0,0,0,0,0,1,0,0,0,0,0,0
671,11/1/2012,4,1,11,0,4,1,2,0.365833,0.369942,0.581667,0.157346,466,2,5520,4,5986,4,0,0,0,0,0,0,0,1,0,0,0,0,0,0
672,11/2/2012,4,1,11,0,5,1,1,0.355,0.356042,0.522083,0.266175,618,2,5229,4,5847,3,0,0,0,0,0,0,0,1,0,0,0,0,0,0
673,11/3/2012,4,1,11,0,6,0,2,0.343333,0.323846,0.49125,0.270529,1029,3,4109,3,5138,3,0,0,0,0,0,0,0,0,0,0,1,0,0,0
674,11/4/2012,4,1,11,0,0,0,1,0.325833,0.329538,0.532917,0.179108,1201,4,3906,3,5107,3,0,0,0,0,0,0,0,0,0,0,0,0,0,1
675,11/5/2012,4,1,11,0,1,1,1,0.319167,0.308075,0.494167,0.236325,378,2,4881,4,5259,3,0,0,0,0,0,0,0,1,0,0,0,0,0,0
676,11/6/2012,4,1,11,0,2,1,1,0.280833,0.281567,0.567083,0.173513,466,2,5220,4,5686,3,0,0,0,0,0,0,0,1,0,0,0,0,0,0
677,11/7/2012,4,1,11,0,3,1,2,0.295833,0.274621,0.5475,0.304108,326,2,4709,3,5035,3,0,0,0,0,0,0,1,0,0,0,0,0,0,0
678,11/8/2012,4,1,11,0,4,1,1,0.352174,0.341891,0.333478,0.347835,340,2,4975,4,5315,3,0,0,0,0,0,0,0,1,0,0,0,0,0,0
679,11/9/2012,4,1,11,0,5,1,1,0.361667,0.355413,0.540833,0.214558,709,2,5283,4,5992,4,0,0,0,0,0,0,0,1,0,0,0,0,0,0
680,11/10/2012,4,1,11,0,6,0,1,0.389167,0.393937,0.645417,0.0578458,2090,4,4446,3,6536,4,0,0,0,0,0,0,0,0,0,0,0,0,0,1
681,11/11/2012,4,1,11,0,0,0,1,0.420833,0.421713,0.659167,0.1275,2290,4,4562,3,6852,4,0,0,0,0,0,0,0,0,0,0,0,0,0,1
682,11/12/2012,4,1,11,1,1,0,1,0.485,0.475383,0.741667,0.173517,1097,4,5172,4,6269,4,0,1,0,0,0,0,0,0,0,0,0,0,0,0
683,11/13/2012,4,1,11,0,2,1,2,0.343333,0.323225,0.662917,0.342046,327,2,3767,3,4094,2,0,0,0,0,0,0,1,0,0,0,0,0,0,0
684,11/14/2012,4,1,11,0,3,1,1,0.289167,0.281563,0.552083,0.199625,373,2,5122,4,5495,3,0,0,0,0,0,0,0,1,0,0,0,0,0,0
685,11/15/2012,4,1,11,0,4,1,2,0.321667,0.324492,0.620417,0.152987,320,2,5125,4,5445,3,0,0,0,0,0,0,0,1,0,0,0,0,0,0
686,11/16/2012,4,1,11,0,5,1,1,0.345,0.347204,0.524583,0.171025,484,2,5214,4,5698,3,0,0,0,0,0,0,0,1,0,0,0,0,0,0
687,11/17/2012,4,1,11,0,6,0,1,0.325,0.326383,0.545417,0.179729,1313,4,4316,3,5629,3,0,0,0,0,0,0,0,0,0,0,0,0,0,1
688,11/18/2012,4,1,11,0,0,0,1,0.3425,0.337746,0.692917,0.227612,922,3,3747,3,4669,3,0,0,0,0,0,0,0,0,0,0,1,0,0,0
689,11/19/2012,4,1,11,0,1,1,2,0.380833,0.375621,0.623333,0.235067,449,2,5050,4,5499,3,0,0,0,0,0,0,0,1,0,0,0,0,0,0
690,11/20/2012,4,1,11,0,2,1,2,0.374167,0.380667,0.685,0.082725,534,2,5100,4,5634,3,0,0,0,0,0,0,0,1,0,0,0,0,0,0
691,11/21/2012,4,1,11,0,3,1,1,0.353333,0.364892,0.61375,0.103246,615,2,4531,3,5146,3,0,0,0,0,0,0,1,0,0,0,0,0,0,0
692,11/22/2012,4,1,11,1,4,0,1,0.34,0.350371,0.580417,0.0528708,955,3,1470,1,2425,1,0,0,0,0,0,0,0,0,1,0,0,0,0,0
693,11/23/2012,4,1,11,0,5,1,1,0.368333,0.378779,0.56875,0.148021,1603,4,2307,1,3910,2,1,0,0,0,0,0,0,0,0,0,0,0,0,0
694,11/24/2012,4,1,11,0,6,0,1,0.278333,0.248742,0.404583,0.376871,532,2,1745,1,2277,1,0,0,0,0,1,0,0,0,0,0,0,0,0,0
695,11/25/2012,4,1,11,0,0,0,1,0.245833,0.257583,0.468333,0.1505,309,1,2115,1,2424,1,0,0,0,0,0,0,0,0,0,0,0,0,0,0
696,11/26/2012,4,1,11,0,1,1,1,0.313333,0.339004,0.535417,0.04665,337,2,4750,3,5087,3,0,0,0,0,0,0,1,0,0,0,0,0,0,0
697,11/27/2012,4,1,11,0,2,1,2,0.291667,0.281558,0.786667,0.237562,123,1,3836,3,3959,2,0,0,0,1,0,0,0,0,0,0,0,0,0,0
698,11/28/2012,4,1,11,0,3,1,1,0.296667,0.289762,0.50625,0.210821,198,1,5062,4,5260,3,0,0,0,0,0,0,0,0,0,0,0,0,0,0
699,11/29/2012,4,1,11,0,4,1,1,0.28087,0.298422,0.555652,0.115522,243,1,5080,4,5323,3,0,0,0,0,0,0,0,0,0,0,0,0,0,0
700,11/30/2012,4,1,11,0,5,1,1,0.298333,0.323867,0.649583,0.0584708,362,2,5306,4,5668,3,0,0,0,0,0,0,0,1,0,0,0,0,0,0
701,12/1/2012,4,1,12,0,6,0,2,0.298333,0.316904,0.806667,0.0597042,951,3,4240,3,5191,3,0,0,0,0,0,0,0,0,0,0,1,0,0,0
702,12/2/2012,4,1,12,0,0,0,2,0.3475,0.359208,0.823333,0.124379,892,3,3757,3,4649,3,0,0,0,0,0,0,0,0,0,0,1,0,0,0
703,12/3/2012,4,1,12,0,1,1,1,0.4525,0.455796,0.7675,0.0827208,555,2,5679,4,6234,4,0,0,0,0,0,0,0,1,0,0,0,0,0,0
704,12/4/2012,4,1,12,0,2,1,1,0.475833,0.469054,0.73375,0.174129,551,2,6055,4,6606,4,0,0,0,0,0,0,0,1,0,0,0,0,0,0
705,12/5/2012,4,1,12,0,3,1,1,0.438333,0.428012,0.485,0.324021,331,2,5398,4,5729,3,0,0,0,0,0,0,0,1,0,0,0,0,0,0
706,12/6/2012,4,1,12,0,4,1,1,0.255833,0.258204,0.50875,0.174754,340,2,5035,4,5375,3,0,0,0,0,0,0,0,1,0,0,0,0,0,0
707,12/7/2012,4,1,12,0,5,1,2,0.320833,0.321958,0.764167,0.1306,349,2,4659,3,5008,3,0,0,0,0,0,0,1,0,0,0,0,0,0,0
708,12/8/2012,4,1,12,0,6,0,2,0.381667,0.389508,0.91125,0.101379,1153,4,4429,3,5582,3,0,0,0,0,0,0,0,0,0,0,0,0,0,1
709,12/9/2012,4,1,12,0,0,0,2,0.384167,0.390146,0.905417,0.157975,441,2,2787,2,3228,2,0,0,0,0,0,1,0,0,0,0,0,0,0,0
710,12/10/2012,4,1,12,0,1,1,2,0.435833,0.435575,0.925,0.190308,329,2,4841,4,5170,3,0,0,0,0,0,0,0,1,0,0,0,0,0,0
711,12/11/2012,4,1,12,0,2,1,2,0.353333,0.338363,0.596667,0.296037,282,1,5219,4,5501,3,0,0,0,0,0,0,0,0,0,0,0,0,0,0
712,12/12/2012,4,1,12,0,3,1,2,0.2975,0.297338,0.538333,0.162937,310,1,5009,4,5319,3,0,0,0,0,0,0,0,0,0,0,0,0,0,0
713,12/13/2012,4,1,12,0,4,1,1,0.295833,0.294188,0.485833,0.174129,425,2,5107,4,5532,3,0,0,0,0,0,0,0,1,0,0,0,0,0,0
714,12/14/2012,4,1,12,0,5,1,1,0.281667,0.294192,0.642917,0.131229,429,2,5182,4,5611,3,0,0,0,0,0,0,0,1,0,0,0,0,0,0
715,12/15/2012,4,1,12,0,6,0,1,0.324167,0.338383,0.650417,0.10635,767,3,4280,3,5047,3,0,0,0,0,0,0,0,0,0,0,1,0,0,0
716,12/16/2012,4,1,12,0,0,0,2,0.3625,0.369938,0.83875,0.100742,538,2,3248,2,3786,2,0,0,0,0,0,1,0,0,0,0,0,0,0,0
717,12/17/2012,4,1,12,0,1,1,2,0.393333,0.4015,0.907083,0.0982583,212,1,4373,3,4585,3,0,0,0,1,0,0,0,0,0,0,0,0,0,0
718,12/18/2012,4,1,12,0,2,1,1,0.410833,0.409708,0.66625,0.221404,433,2,5124,4,5557,3,0,0,0,0,0,0,0,1,0,0,0,0,0,0
719,12/19/2012,4,1,12,0,3,1,1,0.3325,0.342162,0.625417,0.184092,333,2,4934,4,5267,3,0,0,0,0,0,0,0,1,0,0,0,0,0,0
720,12/20/2012,4,1,12,0,4,1,2,0.33,0.335217,0.667917,0.132463,314,1,3814,3,4128,2,0,0,0,1,0,0,0,0,0,0,0,0,0,0
721,12/21/2012,1,1,12,0,5,1,2,0.326667,0.301767,0.556667,0.374383,221,1,3402,2,3623,2,0,0,1,0,0,0,0,0,0,0,0,0,0,0
722,12/22/2012,1,1,12,0,6,0,1,0.265833,0.236113,0.44125,0.407346,205,1,1544,1,1749,1,0,0,0,0,0,0,0,0,0,0,0,0,0,0
723,12/23/2012,1,1,12,0,0,0,1,0.245833,0.259471,0.515417,0.133083,408,2,1379,1,1787,1,0,0,0,0,1,0,0,0,0,0,0,0,0,0
724,12/24/2012,1,1,12,0,1,1,2,0.231304,0.2589,0.791304,0.0772304,174,1,746,1,920,1,0,0,0,0,0,0,0,0,0,0,0,0,0,0
725,12/25/2012,1,1,12,1,2,0,2,0.291304,0.294465,0.734783,0.168726,440,2,573,1,1013,1,0,0,0,0,1,0,0,0,0,0,0,0,0,0
726,12/26/2012,1,1,12,0,3,1,3,0.243333,0.220333,0.823333,0.316546,9,1,432,1,441,1,0,0,0,0,0,0,0,0,0,0,0,0,0,0
727,12/27/2012,1,1,12,0,4,1,2,0.254167,0.226642,0.652917,0.350133,247,1,1867,1,2114,1,0,0,0,0,0,0,0,0,0,0,0,0,0,0
728,12/28/2012,1,1,12,0,5,1,2,0.253333,0.255046,0.59,0.155471,644,2,2451,1,3095,1,0,0,0,0,1,0,0,0,0,0,0,0,0,0
729,12/29/2012,1,1,12,0,6,0,2,0.253333,0.2424,0.752917,0.124383,159,1,1182,1,1341,1,0,0,0,0,0,0,0,0,0,0,0,0,0,0
730,12/30/2012,1,1,12,0,0,0,1,0.255833,0.2317,0.483333,0.350754,364,2,1432,1,1796,1,0,0,0,0,1,0,0,0,0,0,0,0,0,0
731,12/31/2012,1,1,12,0,1,1,2,0.215833,0.223487,0.5775,0.154846,439,2,2290,1,2729,1,0,0,0,0,1,0,0,0,0,0,0,0,0,0
